ChEMBL_ID,SMILES,Molecular_Formula,Molecular_Weight
CHEMBL6329,Cc1cc(-n2ncc(=O)[nH]c2=O)ccc1C(=O)c1ccccc1Cl,C17H12ClN3O3,341.75
CHEMBL6328,Cc1cc(-n2ncc(=O)[nH]c2=O)ccc1C(=O)c1ccc(C#N)cc1,C18H12N4O3,332.32
CHEMBL265667,Cc1cc(-n2ncc(=O)[nH]c2=O)cc(C)c1C(O)c1ccc(Cl)cc1,C18H16ClN3O3,357.80
CHEMBL6362,Cc1ccc(C(=O)c2ccc(-n3ncc(=O)[nH]c3=O)cc2)cc1,C17H13N3O3,307.31
CHEMBL267864,Cc1cc(-n2ncc(=O)[nH]c2=O)ccc1C(=O)c1ccc(Cl)cc1,C17H12ClN3O3,341.75
CHEMBL6363,Cc1cc(-n2ncc(=O)[nH]c2=O)ccc1C(=O)c1ccccc1,C17H13N3O3,307.31
CHEMBL6352,Cc1cc(Br)ccc1C(=O)c1ccc(-n2ncc(=O)[nH]c2=O)cc1Cl,C17H11BrClN3O3,420.65
CHEMBL268097,O=C(c1ccc(Cl)cc1Cl)c1ccc(-n2ncc(=O)[nH]c2=O)cc1Cl,C16H8Cl3N3O3,396.62
CHEMBL266457,CS(=O)(=O)c1ccc(C(=O)c2ccc(-n3ncc(=O)[nH]c3=O)cc2Cl)cc1,C17H12ClN3O5S,405.82
CHEMBL268556,c1cc2cc(c1)-c1cccc(c1)C[n+]1ccc(c3ccccc31)NCCCCCCCCCCNc1cc[n+](c3ccccc13)C2,C42H46N4+2,606.86
CHEMBL6214,CSc1ccc(C(=O)c2ccc(-n3ncc(=O)[nH]c3=O)cc2Cl)cc1,C17H12ClN3O3S,373.82
CHEMBL6222,O=C(c1ccc(Cl)cc1)c1ccc(-n2ncc(=O)[nH]c2=O)cc1Cl,C16H9Cl2N3O3,362.17
CHEMBL6206,O=C1O/C(=C/Br)CCC1c1cccc2ccccc12,C16H13BrO2,317.18
CHEMBL6223,O=C1O/C(=C/I)CCC1c1cccc2ccccc12,C16H13IO2,364.18
CHEMBL269758,C#C/C=C1\CCC(c2cccc3ccccc23)C(=O)O1,C18H14O2,262.31
CHEMBL6228,O=C1O/C(=C\I)CCC1c1cccc2ccccc12,C16H13IO2,364.18
CHEMBL268365,O=C(c1ccccc1)c1ccc(-n2ncc(=O)[nH]c2=O)cc1,C16H11N3O3,293.28
CHEMBL6230,O=c1cnn(-c2ccc(C(O)c3ccc(Cl)cc3)c(Cl)c2)c(=O)[nH]1,C16H11Cl2N3O3,364.19
CHEMBL6254,O=C(c1ccccc1)c1cc(-n2ncc(=O)[nH]c2=O)ccc1Cl,C16H10ClN3O3,327.73
CHEMBL6268,Cc1cc(-n2ncc(=O)[nH]c2=O)ccc1C(O)c1ccccc1,C17H15N3O3,309.32
CHEMBL414196,COc1cc2nc(N3CCN(C(=O)C4CC4c4ccccc4)CC3)nc(N)c2cc1OC,C24H27N5O3,433.51
CHEMBL268528,COc1ccc(C(=O)c2ccc(-n3ncc(=O)[nH]c3=O)cc2)cc1,C17H13N3O4,323.31
CHEMBL112998,COc1cc2nc(N3CCN(S(=O)(=O)c4cccs4)CC3)nc(N)c2cc1OC,C18H21N5O4S2,435.53
CHEMBL6266,c1ccc2c(c1)c1cc[n+]2Cc2ccc(cc2)-c2ccc(cc2)C[n+]2ccc(c3ccccc32)NCCCCCCCCCCN1,C42H46N4+2,606.86
CHEMBL6354,Nc1cc[n+](Cc2cccc(-c3cccc(C[n+]4ccc(N)c5ccccc54)c3)c2)c2ccccc12,C32H28N4+2,468.60
CHEMBL429017,Nc1cc[n+](Cc2ccc(CCc3ccc(C[n+]4ccc(N)c5ccccc54)cc3)cc2)c2ccccc12,C34H32N4+2,496.66
CHEMBL6361,Nc1cc[n+](Cc2ccc(/C=C\c3ccc(C[n+]4ccc(N)c5ccccc54)cc3)cc2)c2ccccc12,C34H30N4+2,494.64
CHEMBL6212,c1ccc(C[n+]2ccc(NCCCCCCCCCCNc3cc[n+](Cc4ccccc4)c4ccccc34)c3ccccc32)cc1,C42H48N4+2,608.87
CHEMBL258254,C1=C\c2ccc(cc2)C[n+]2ccc(c3ccccc32)NCCCCCCCCCCNc2cc[n+](c3ccccc23)Cc2ccc/1cc2,C44H48N4+2,632.90
CHEMBL266885,c1ccc2c(c1)c1cc[n+]2Cc2ccc(cc2)CCc2ccc(cc2)C[n+]2ccc(c3ccccc32)NCCCCCCCCCCN1,C44H50N4+2,634.91
CHEMBL446445,c1ccc2c(c1)c1cc[n+]2Cc2ccc(cc2)Cc2ccc(cc2)C[n+]2ccc(c3ccccc32)NCCCCCCCCCCN1,C43H48N4+2,620.88
CHEMBL6356,Nc1cc[n+](Cc2ccc3c(c2)Cc2cc(C[n+]4ccc(N)c5ccccc54)ccc2-3)c2ccccc12,C33H28N4+2,480.62
CHEMBL269729,Nc1cc[n+](Cc2ccc(-c3ccc(C[n+]4ccc(N)c5ccccc54)cc3)cc2)c2ccccc12,C32H28N4+2,468.60
CHEMBL6344,Cc1cc(-n2ncc(=O)[nH]c2=O)ccc1C(=O)c1ccc(Cl)cc1Cl,C17H11Cl2N3O3,376.20
CHEMBL6207,c1ccc2c(c1)c1cc[n+]2Cc2ccc3c(c2)Cc2cc(ccc2-3)C[n+]2ccc(c3ccccc32)NCCCCCCCCCCN1,C43H46N4+2,618.87
CHEMBL6315,Nc1cc[n+](Cc2ccc(Cc3ccc(C[n+]4ccc(N)c5ccccc54)cc3)cc2)c2ccccc12,C33H30N4+2,482.63
CHEMBL266223,COC(=O)/C=C/C(=O)Nc1ccc(CCCCC(=O)N2CCN(c3nc(N)c4cc(OC)c(OC)cc4n3)CC2)cc1,C30H36N6O6,576.65
CHEMBL263077,COc1cc2nc(N3CCN(C(=O)CCc4ccccc4)CC3)nc(N)c2cc1OC,C23H27N5O3,421.50
CHEMBL6347,COc1ccc(/C=C/C(=O)N2CCN(c3nc(N)c4cc(OC)c(OC)cc4n3)CC2)cc1,C24H27N5O4,449.51
CHEMBL6348,COc1cc2nc(N3CCN(C(=O)/C=C/c4cccc(F)c4)CC3)nc(N)c2cc1OC,C23H24FN5O3,437.48
CHEMBL6339,COc1cc2nc(N3CCN(C(=O)C4CC5C=CC4C5)CC3)nc(N)c2cc1OC,C22H27N5O3,409.49
CHEMBL6340,C/C=C/C=C/C(=O)N1CCN(c2nc(N)c3cc(OC)c(OC)cc3n2)CC1,C20H25N5O3,383.45
CHEMBL268768,COc1cc2nc(N3CCN(C(=O)/C=C/c4ccccc4)CC3)nc(N)c2cc1OC,C23H25N5O3,419.49
CHEMBL6358,COc1cc2nc(N3CCN(C(=O)/C=C/c4ccc(F)cc4)CC3)nc(N)c2cc1OC,C23H24FN5O3,437.48
CHEMBL6351,COc1cc2nc(N3CCN(C(=O)/C=C/c4ccc(Cl)cc4)CC3)nc(N)c2cc1OC,C23H24ClN5O3,453.93
CHEMBL6342,COc1cc2nc(N3CCN(C(=O)/C(F)=C/c4ccccc4)CC3)nc(N)c2cc1OC,C23H24FN5O3,437.48
CHEMBL6218,COc1cc2nc(N3CCN(C(=O)Nc4ccccc4)CC3)nc(N)c2cc1OC,C21H24N6O3,408.46
CHEMBL6219,COC(=O)/C=C/C(=O)Nc1ccc(/C=C/C(=O)N2CCN(c3nc(N)c4cc(OC)c(OC)cc4n3)CC2)cc1,C28H30N6O6,546.58
CHEMBL6208,COc1cc2nc(N3CCN(/C(S)=N/C4CCCCC4)CC3)nc(N)c2cc1OC,C21H30N6O2S,430.58
CHEMBL429379,COc1cc2nc(N3CCN(C(=O)C4=CC5C=CC4CC5)CC3)nc(N)c2cc1OC,C23H27N5O3,421.50
CHEMBL415285,COc1cc2nc(N3CCN(S(=O)(=O)c4ccc(C)cc4)CC3)nc(N)c2cc1OC,C21H25N5O4S,443.53
CHEMBL264721,COc1cc2nc(N3CCN(/C(S)=N/c4ccccc4)CC3)nc(N)c2cc1OC,C21H24N6O2S,424.53
CHEMBL415286,O=C(c1ccc(-n2ncc(=O)[nH]c2=O)cc1)c1cccs1,C14H9N3O3S,299.31
CHEMBL6226,Cc1cc(-n2ncc(=O)[nH]c2=O)ccc1Cc1ccccc1,C17H15N3O2,293.33
CHEMBL6236,Cc1cc(-n2ncc(=O)[nH]c2=O)cc(Cl)c1C(=O)c1ccc(Cl)cc1,C17H11Cl2N3O3,376.20
CHEMBL6237,O=C(c1ccccc1)c1cccc(-n2ncc(=O)[nH]c2=O)c1,C16H11N3O3,293.28
CHEMBL6238,Cc1cc(-n2ncc(=O)[nH]c2=O)cc(C)c1C(=O)c1ccc(Cl)cc1,C18H14ClN3O3,355.78
CHEMBL266484,Cc1cc(Cl)ccc1C(=O)c1ccc(-n2ncc(=O)[nH]c2=O)cc1C,C18H14ClN3O3,355.78
CHEMBL6239,CC(=O)c1ccc(-n2ncc(=O)[nH]c2=O)cc1Cl,C11H8ClN3O3,265.66
CHEMBL6240,O=C(c1ccccc1)c1ccc(-n2ncc(=O)[nH]c2=O)cc1Cl,C16H10ClN3O3,327.73
CHEMBL6243,Cc1cc(C)c(C(=O)c2ccc(-n3ncc(=O)[nH]c3=O)cc2)c(C)c1,C19H17N3O3,335.36
CHEMBL6272,O=C(c1ccc(Cl)cc1)c1ccc(-n2ncc(=O)[nH]c2=O)cc1,C16H10ClN3O3,327.73
CHEMBL269496,Cc1cc(-n2ncc(=O)[nH]c2=O)ccc1C(O)c1ccc(Cl)cc1,C17H14ClN3O3,343.77
CHEMBL6283,c1cncc(CN2CCN(CC3CCCCN3)CC2)c1,C16H26N4,274.41
CHEMBL6284,c1cc(CN2CCN(CC3CCCCN3)CC2)ccn1,C16H26N4,274.41
CHEMBL6277,CN1CCCCC1CN1CCN(Cc2ccncc2)CC1,C17H28N4,288.44
CHEMBL268830,CN1CCCCC1CN1CCN(Cc2cccnc2)CC1,C17H28N4,288.44
CHEMBL6290,COc1cc2nc(N3CCN(C(=O)/C=C/c4ccc(Br)cc4)CC3)nc(N)c2cc1OC,C23H24BrN5O3,498.38
CHEMBL6308,CCCC(=O)c1ccc(-n2ncc(=O)[nH]c2=O)cc1,C13H13N3O3,259.26
CHEMBL268150,CC(=O)c1ccc(-n2ncc(=O)[nH]c2=O)cc1,C11H9N3O3,231.21
CHEMBL6293,O=c1cnn(-c2ccc(-c3ccc4oc5ccc(Cl)cc5c(=O)c4c3)cc2)c(=O)[nH]1,C22H12ClN3O4,417.81
CHEMBL447227,COc1cc2nc(N3CCN(C(=O)c4ccc(N=C=S)c(I)c4)CC3)nc(N)c2cc1OC,C22H21IN6O3S,576.42
CHEMBL6302,COc1cc2nc(N3CCN(/C(S)=N/c4ccc(NC(=S)N5CC5)cc4)CC3)nc(N)c2cc1OC,C24H28N8O2S2,524.68
CHEMBL268831,CN1CCC[C@H]1CN1CCN(Cc2ccncc2)CC1,C16H26N4,274.41
CHEMBL267915,CN1CCC[C@H]1CN1CCN(Cc2cccnc2)CC1,C16H26N4,274.41
CHEMBL2,COc1cc2nc(N3CCN(C(=O)c4ccco4)CC3)nc(N)c2cc1OC,C19H21N5O4,383.41
CHEMBL6306,COC(=O)/C=C/C=C/C(=O)N1CCN(c2nc(N)c3cc(OC)c(OC)cc3n2)CC1,C21H25N5O5,427.46
CHEMBL415103,COc1cc2nc(N3CCN(C(=O)C4OC4c4ccccc4)CC3)nc(N)c2cc1OC,C23H25N5O4,435.48
CHEMBL6321,COc1cc2nc(N3CCN(C(=O)/C=C/C(=O)c4ccccc4)CC3)nc(N)c2cc1OC,C24H25N5O4,447.50
CHEMBL6323,COc1cc2nc(N3CCN(C(=O)c4ccc5ccccc5c4)CC3)nc(N)c2cc1OC,C25H25N5O3,443.51
CHEMBL6313,COc1cc2nc(N3CCN(/C(S)=N/c4ccc(N=[N+]=[N-])cc4)CC3)nc(N)c2cc1OC,C21H23N9O2S,465.54
CHEMBL266081,COc1cc2nc(N3CCN(C(=O)c4cccc(CCl)c4)CC3)nc(N)c2cc1OC,C22H24ClN5O3,441.92
CHEMBL6314,COc1cc2nc(N3CCN(C(=O)/C=C/c4ccc(N=C=S)cc4)CC3)nc(N)c2cc1OC,C24H24N6O3S,476.56
CHEMBL6343,COc1cc2nc(N3CCN(C(=O)/C=C/c4ccc(NC(=O)CBr)cc4)CC3)nc(N)c2cc1OC,C25H27BrN6O4,555.43
CHEMBL204146,O=c1oc2c(O)c(O)ccc2c2ccc(O)cc12,C13H8O5,244.20
CHEMBL6355,O=c1oc2ccccc2c2ccccc12,C13H8O2,196.21
CHEMBL6364,O=c1oc2c(O)c(O)ccc2c2ccccc12,C13H8O4,228.20
CHEMBL6365,O=c1oc2ccccc2c2cc(O)c(O)cc12,C13H8O4,228.20
CHEMBL266458,O=c1oc2cc(O)c(O)cc2c2cc(O)c(O)cc12,C13H8O6,260.20
CHEMBL6366,COc1cc2nc(N3CCN(C(=O)COc4ccccc4)CC3)nc(N)c2cc1OC,C22H25N5O4,423.47
CHEMBL216458,C=C(C=O)C[C@H]1C[C@H](O)[C@]2(C)O[C@@H]3C[C@@H]4O[C@@H]5C[C@]6(C)O[C@]7(C)CC[C@@H]8O[C@@H]9C[C@]%10(C)O[C@@H]%11C(C)=CC(=O)O[C@H]%11C[C@H]%10O[C@H]9C[C@@H](C)[C@H]8O[C@H]7C[C@H]6O[C@@]5(C)C/C=C\[C@H]4O[C@H]3C[C@H]2O1,C50H70O14,895.10
CHEMBL3,CN1CCC[C@H]1c1cccnc1,C10H14N2,162.24
CHEMBL6200,c1cncc([C@@H]2CCCN2)c1,C9H12N2,148.21
CHEMBL266886,CCC(C)(C)NC(=O)OCC1CN(C(=O)c2cc(OC)c(OC)c(OC)c2)CCN1C(=O)c1cc(OC)c(OC)c(OC)c1,C31H43N3O10,617.70
CHEMBL269132,COc1cc(C(=O)N2CCN(C(=O)c3cc(OC)c(OC)c(OC)c3)C(COC(=O)NC(C)CC(C)C)C2)cc(OC)c1OC,C32H45N3O10,631.72
CHEMBL269133,CCCC(C)NC(=O)OCC1CN(C(=O)c2cc(OC)c(OC)c(OC)c2)CCN1C(=O)c1cc(OC)c(OC)c(OC)c1,C31H43N3O10,617.70
CHEMBL6346,O=C(C1CCCCN1)N1CCN(Cc2cccnc2)CC1,C16H24N4O,288.40
CHEMBL414181,c1cncc(CN2CCN(C[C@@H]3CCCN3)CC2)c1,C15H24N4,260.38
CHEMBL6334,c1cc(CN2CCN(C[C@@H]3CCCN3)CC2)ccn1,C15H24N4,260.39
CHEMBL263076,O=c1oc2c(O)c(O)ccc2c2cc(F)ccc12,C13H7FO4,246.19
CHEMBL6335,O=c1oc2c(Cl)c(Cl)ccc2c2cc(O)c(O)cc12,C13H6Cl2O4,297.09
CHEMBL6336,Cc1cc(O)c(O)c2oc(=O)c3ccc(F)cc3c12,C14H9FO4,260.22
CHEMBL6353,ONC1c2cc(O)c(O)cc2-c2cc(O)c(O)cc21,C13H11NO5,261.23
CHEMBL6345,O=C1c2cc(O)c(O)cc2-c2cc(O)c(O)cc21,C13H8O5,244.20
CHEMBL268770,O=c1oc2c(F)c(F)ccc2c2cc(O)c(O)cc12,C13H6F2O4,264.18
CHEMBL6349,O=c1oc2cc(O)c(O)cc2c2cc(F)ccc12,C13H7FO4,246.19
CHEMBL413593,C[C@]12CCC3C(CC=C4C[C@@H](O)[C@H]5COC[C@]43C5)C1CC[C@@H]2OC1CC1,C23H34O3,358.52
CHEMBL267358,C[C@]12CCC(=O)C=C1C(=O)CC1C2CC[C@@]2(C)C1CC[C@@H]2OC1CC1,C22H30O3,342.48
CHEMBL6338,O=c1oc2c(O)c(O)ccc2c2cc(O)c(O)cc12,C13H8O6,260.20
CHEMBL269134,COc1cc(C(=O)N2CCN(C(=O)c3cc(OC)c(OC)c(OC)c3)C(COC(=O)NCC(C)(C)C)C2)cc(OC)c1OC,C31H43N3O10,617.70
CHEMBL6359,COc1cc(C(=O)N2CCN(C(=O)c3cc(OC)c(OC)c(OC)c3)C(COC(=O)NC(C)(C)C)C2)cc(OC)c1OC,C30H41N3O10,603.67
CHEMBL6211,CCCCCCCC(=O)OCC1CN(C(=O)c2cc(OC)c(OC)c(OC)c2)CCN1C(=O)c1cc(OC)c(OC)c(OC)c1,C33H46N2O10,630.73
CHEMBL266184,CCCCCCCCCC(=O)OCC1CN(C(=O)c2cc(OC)c(OC)c(OC)c2)CCN1C(=O)c1cc(OC)c(OC)c(OC)c1,C35H50N2O10,658.79
CHEMBL6217,COc1cc(C(=O)N2CCN(C(=O)c3cc(OC)c(OC)c(OC)c3)C(COC(C)=O)C2)cc(OC)c1OC,C27H34N2O10,546.57
CHEMBL24879,CCCCCCCCNC(=O)OCC1CN(C(=O)c2cc(OC)c(OC)c(OC)c2)CCN1C(=O)c1cc(OC)c(OC)c(OC)c1,C34H49N3O10,659.78
CHEMBL227457,CCCCCCCCCCCCCCCCCC(=O)OCC1CN(C(=O)c2cc(OC)c(OC)c(OC)c2)CCN1C(=O)c1cc(OC)c(OC)c(OC)c1,C43H66N2O10,771.00
CHEMBL6201,Cn1c(CC(=O)O)cc(CO)c1C(=O)c1ccc(Cl)cc1,C15H14ClNO4,307.73
CHEMBL265773,COc1cc(C(=O)N2CCN(C(=O)c3cc(OC)c(OC)c(OC)c3)C(COC(=O)COc3ccc(Cl)cc3)C2)cc(OC)c1OC,C33H37ClN2O11,673.12
CHEMBL414696,COc1cc(C(=O)N2CCN(C(=O)c3cc(OC)c(OC)c(OC)c3)C(COC(=O)COc3ccc(F)cc3)C2)cc(OC)c1OC,C33H37FN2O11,656.66
CHEMBL267913,C[C@]12CCC(=O)C=C1CCC1C2CC[C@@]2(C)C1CC[C@@H]2OC1CC1,C22H32O2,328.50
CHEMBL6245,CC1(C)C2=CCC3C(CC[C@@]4(C)C3CC[C@@H]4OC3CC3)[C@@]2(C)CC[C@@H]1O,C24H38O2,358.57
CHEMBL4,CC1COc2c(N3CCN(C)CC3)c(F)cc3c(=O)c(C(=O)O)cn1c23,C18H20FN3O4,361.37
CHEMBL5,CCn1cc(C(=O)O)c(=O)c2ccc(C)nc21,C12H12N2O3,232.24
CHEMBL6246,O=c1oc2c(O)c(O)cc3c(=O)oc4c(O)c(O)cc1c4c23,C14H6O8,302.19
CHEMBL6247,Cc1cc(O)c(O)c2oc(=O)c3cc(O)c(O)cc3c12,C14H10O6,274.23
CHEMBL268597,COc1cc(C(=O)N2CCN(C(=O)c3cc(OC)c(OC)c(OC)c3)C(COC(=O)C3CCCCC3)C2)cc(OC)c1OC,C32H42N2O10,614.69
CHEMBL6270,CCC(CC)C(=O)OCC1CN(C(=O)c2cc(OC)c(OC)c(OC)c2)CCN1C(=O)c1cc(OC)c(OC)c(OC)c1,C31H42N2O10,602.68
CHEMBL6311,CC(=O)/C=C/CC1C(=O)N2[C@@H](C(=O)O)C(C)(C)S(=O)(=O)[C@@H]12,C13H17NO6S,315.35
CHEMBL6312,C=Cn1cc(C(=O)O)c(=O)c2cc(F)c(N3CCC(CNCC)C3)c(F)c21,C19H21F2N3O3,377.39
CHEMBL204021,CCN(CC)CCN(Cc1ccc(-c2ccc(C(F)(F)F)cc2)cc1)C(=O)Cn1c(SCc2ccc(F)cc2)nc(=O)c2c1CCC2,C36H38F4N4O2S,666.79
CHEMBL383864,COCCc1ccc(OCC(O)CN(CC(O)COc2ccc(CCOC)cc2)C(C)COCC(C)OCC(C)OCC(C)N(CC(O)COc2ccc(CCOC)cc2)CC(O)COc2ccc(CCOC)cc2)cc1,C60H92N2O15,1081.39
CHEMBL266222,CC[C@H](NC(=O)[C@H](CC1CCCCC1)NC(=O)[C@@H](NC(=O)[C@H](CC(C)C)NC(=O)c1cnccn1)[C@@H](C)CC)C(=O)C(=O)N[C@@H](CCCCN)C(=O)O,C37H60N8O8,744.93
CHEMBL6263,CCCCCN(CCCCC)C(=O)OCC1CN(C(=O)c2cc(OC)c(OC)c(OC)c2)CCN1C(=O)c1cc(OC)c(OC)c(OC)c1,C36H53N3O10,687.83
CHEMBL6319,CCCCN(CCCC)C(=O)OCC1CN(C(=O)c2cc(OC)c(OC)c(OC)c2)CCN1C(=O)c1cc(OC)c(OC)c(OC)c1,C34H49N3O10,659.78
CHEMBL6341,CCCC(=O)OCC1CN(C(=O)c2cc(OC)c(OC)c(OC)c2)CCN1C(=O)c1cc(OC)c(OC)c(OC)c1,C29H38N2O10,574.63
CHEMBL269131,CCCN(CCC)C(=O)OCC1CN(C(=O)c2cc(OC)c(OC)c(OC)c2)CCN1C(=O)c1cc(OC)c(OC)c(OC)c1,C32H45N3O10,631.72
CHEMBL6322,CCN(CC)C(=O)OCC1CN(C(=O)c2cc(OC)c(OC)c(OC)c2)CCN1C(=O)c1cc(OC)c(OC)c(OC)c1,C30H41N3O10,603.67
CHEMBL267357,COc1cc(NC(=O)OCC2CN(C(=O)c3cc(OC)c(OC)c(OC)c3)CCN2C(=O)c2cc(OC)c(OC)c(OC)c2)cc(OC)c1OC,C35H43N3O13,713.74
CHEMBL380444,CCC(CC)NC(=O)OCC1CN(C(=O)c2cc(OC)c(OC)c(OC)c2)CCN1C(=O)c1cc(OC)c(OC)c(OC)c1,C31H43N3O10,617.70
CHEMBL204022,CCC(C)CNC(=O)OCC1CN(C(=O)c2cc(OC)c(OC)c(OC)c2)CCN1C(=O)c1cc(OC)c(OC)c(OC)c1,C31H43N3O10,617.70
CHEMBL6350,CCCCC(CC)CNC(=O)OCC1CN(C(=O)c2cc(OC)c(OC)c(OC)c2)CCN1C(=O)c1cc(OC)c(OC)c(OC)c1,C34H49N3O10,659.78
CHEMBL6202,COc1cc(C(=O)N2CCN(C(=O)c3cc(OC)c(OC)c(OC)c3)C(COC(=O)NCCC(C)C)C2)cc(OC)c1OC,C31H43N3O10,617.70
CHEMBL258053,COc1cc(C(=O)N2CCN(C(=O)c3cc(OC)c(OC)c(OC)c3)C(COC(=O)NC(C)C(C)C)C2)cc(OC)c1OC,C31H43N3O10,617.70
CHEMBL6203,COc1cc(C(=O)N2CCN(C(=O)c3cc(OC)c(OC)c(OC)c3)C(COC(=O)c3ccccc3Cl)C2)cc(OC)c1OC,C32H35ClN2O10,643.09
CHEMBL258253,CCCCCC(=O)OCC1CN(C(=O)c2cc(OC)c(OC)c(OC)c2)CCN1C(=O)c1cc(OC)c(OC)c(OC)c1,C31H42N2O10,602.68
CHEMBL263777,Cc1nccn1CCCCc1ccc(CC(=O)N[C@H](CO)Cc2ccc(OCCC3CCCCC3)c(CCCN)c2)cc1,C36H52N4O3,588.84
CHEMBL268596,COc1cc(C(=O)N2CCN(C(=O)c3cc(OC)c(OC)c(OC)c3)C(COC(=O)C(C)(C)C)C2)cc(OC)c1OC,C30H40N2O10,588.65
CHEMBL6,COc1ccc2c(c1)c(CC(=O)O)c(C)n2C(=O)c1ccc(Cl)cc1,C19H16ClNO4,357.79
CHEMBL266220,O=C(C1CCCCN1)N1CCN(Cc2ccncc2)CC1,C16H24N4O,288.40
CHEMBL6233,O=C(C1CCCCN1)N1CCN(Cc2ccccn2)CC1,C16H24N4O,288.39
CHEMBL6234,O=C([C@@H]1CCCN1)N1CCN(Cc2cccnc2)CC1,C15H22N4O,274.37
CHEMBL268598,O=C([C@@H]1CCCN1)N1CCN(Cc2ccccn2)CC1,C15H22N4O,274.37
CHEMBL6232,COc1cc(C(=O)N2CCN(C(=O)c3cc(OC)c(OC)c(OC)c3)C(COC(=O)CC(C)(C)C)C2)cc(OC)c1OC,C31H42N2O10,602.68
CHEMBL6253,C[C@]12CC[C@H](O)CC1=CCC1C2CC[C@@]2(C)C1CC[C@@H]2OC1CC1,C22H34O2,330.51
CHEMBL414006,C[C@]12CCC3C(CCC4=CC(=O)[C@H]5COC[C@]43C5)C1CC[C@@H]2OC1CC1,C23H32O3,356.51
CHEMBL414007,CCC(CC)C(=O)OCC1CN(Cc2cc(OC)c(OC)c(OC)c2)CCN1Cc1cc(OC)c(OC)c(OC)c1,C31H46N2O8,574.72
CHEMBL267229,COc1cc(N2CCN(c3cc(OC)c(OC)c(OC)c3)CC2)cc(OC)c1OC,C22H30N2O6,418.49
CHEMBL6244,COc1cc(C(=O)N2CCN(C(=O)c3cc(OC)c(OC)c(OC)c3)CC2)cc(OC)c1OC,C24H30N2O8,474.51
CHEMBL6227,Cc1nccn1CCCCc1ccc(CC(=O)N[C@H](CO)Cc2ccc(OCCC3CCCCC3)c(CCCCN)c2)cc1,C37H54N4O3,602.86
CHEMBL6242,Cc1nccn1CCCCc1ccc(CC(=O)N[C@@H](CO)Cc2ccc(OCCC3CCCCC3)c(CCCN)c2)cc1,C36H52N4O3,588.84
CHEMBL269340,CCCCNC(=O)OCC1CN(C(=O)c2cc(OC)c(OC)c(OC)c2)CCN1C(=O)c1cc(OC)c(OC)c(OC)c1,C30H41N3O10,603.67
CHEMBL6251,N[C@@H](CCC(=O)Nc1ccc([N+](=O)[O-])cc1)C(=O)O,C11H13N3O5,267.24
CHEMBL440577,COC(=O)[C@@H](N)CO,C4H9NO3,119.12
CHEMBL263074,Cl.N[C@@H](CNC(=O)Nc1ccc([N+](=O)[O-])cc1)C(=O)O,C10H13ClN4O5,268.23
CHEMBL6267,COC(=O)[C@@H](N)COC(=O)Nc1ccc([N+](=O)[O-])cc1.Cl,C11H14ClN3O6,283.24
CHEMBL6285,COC(=O)[C@@H](N)CCC(=O)Nc1ccc([N+](=O)[O-])cc1.Cl,C12H16ClN3O5,281.27
CHEMBL267627,CON(C)C(=O)/C=C/CC1C(=O)N2[C@@H]1[S+]([O-])C(C)(C)[C@@H]2C(=O)O,C14H20N2O6S,344.39
CHEMBL6286,CC1(C)[C@H](C(=O)O)N2C(=O)C(C/C=C/C=O)[C@H]2S1(=O)=O,C12H15NO6S,301.32
CHEMBL403,CC1(C)[C@H](C(=O)O)N2C(=O)C[C@H]2S1(=O)=O,C8H11NO5S,233.24
CHEMBL6289,CCNCC1CCN(c2c(F)cc3c(=O)c(C(=O)O)cn(OC)c3c2F)C1,C18H21F2N3O4,381.38
CHEMBL6282,CCNCC1CCN(c2c(F)cc3c(=O)c(C(=O)O)cn(C4CC4C)c3c2F)C1,C21H25F2N3O3,405.45
CHEMBL6269,Cc1nccn1CCCCc1ccc(CC(=O)N[C@@H](CO)C(=O)N[C@@H](CCCCN)C(=O)NCCC2CCCCC2)cc1,C33H52N6O4,596.82
CHEMBL6300,COC(=O)[C@@H](N)CNC(=O)Nc1ccc([N+](=O)[O-])cc1.Cl,C11H15ClN4O5,282.26
CHEMBL6301,CC(=O)/C=C/CC1C(=O)N2[C@@H](C(=O)O)C(C)(C)S(=O)(=O)[C@H]12,C13H17NO6S,315.35
CHEMBL6309,COC(=O)/C=C/CC1C(=O)N2[C@@H](C(=O)O)C(C)(C)S(=O)(=O)[C@H]12,C13H17NO7S,331.35
CHEMBL265664,CCNCC1CCN(c2c(F)cc3c(=O)c(C(=O)O)cn(C(C)C)c3c2F)C1,C20H25F2N3O3,393.43
CHEMBL6265,CCNCC1CCN(c2c(F)cc3c(=O)c(C(=O)O)cn(C4CCCC4)c3c2F)C1,C22H27F2N3O3,419.47
CHEMBL268887,CCNCC1CCN(c2c(F)cc3c(=O)c(C(=O)O)cn(-c4ccc(F)cc4)c3c2F)C1,C23H22F3N3O3,445.44
CHEMBL6259,CN1CCN(c2cc3c(cc2F)c(=O)c(C(=O)O)cn3-c2ccc(F)cc2)CC1,C21H19F2N3O3,399.40
CHEMBL404,C[C@]1(Cn2ccnn2)[C@H](C(=O)O)N2C(=O)C[C@H]2S1(=O)=O,C10H12N4O5S,300.30
CHEMBL6261,CC1(C)[C@H](C(=O)O)N2C(=O)[C@@H](Cc3cn(CC4CCCN4)nn3)[C@H]2S1(=O)=O,C16H23N5O5S,397.46
CHEMBL6281,CC1(C)[C@H](C(=O)O)N2C(=O)[C@@H](Cc3cn(-c4ccc(O)cc4)nn3)[C@H]2S1(=O)=O,C17H18N4O6S,406.42
CHEMBL6273,CN1CCN(c2c(F)cc3c(=O)c(C(=O)O)cn(CCF)c3c2F)CC1,C17H18F3N3O3,369.34
CHEMBL6287,CCNCC1CCN(c2c(F)cc3c(=O)c(C(=O)O)cn(C)c3c2F)C1,C18H21F2N3O3,365.38
CHEMBL267628,CCNCC1CCN(c2c(F)cc3c(=O)c(C(=O)O)cn(C4CCCCC4)c3c2F)C1,C23H29F2N3O3,433.50
CHEMBL6291,Cn1cc(C2=C(c3cn(CCCSC(=N)N)c4ccccc34)C(=O)NC2=O)c2ccccc21,C25H23N5O2S,457.56
CHEMBL6292,CC1(C)[C@H](C(=O)O)N2C(=O)[C@@H](Cc3cn(-c4ccc(F)cc4)nn3)[C@H]2S1(=O)=O,C17H17FN4O5S,408.41
CHEMBL267863,CC1(C)[C@H](C(=O)O)N2C(=O)[C@@H](Cc3cn(-c4ccc(N)cc4)nn3)[C@H]2S1(=O)=O,C17H19N5O5S,405.44
CHEMBL263882,CC1(C)[C@H](C(=O)O)N2C(=O)[C@@H](Cc3cn(CC(N)Cc4ccc(O)cc4)nn3)[C@H]2S1(=O)=O,C20H25N5O6S,463.52
CHEMBL6331,Cn1cc(C2=C(c3cn(CCC[N+](C)(C)C)c4ccccc34)C(=O)NC2=O)c2ccccc21,C27H29N4O2+,441.56
CHEMBL373625,,,
CHEMBL6332,Cn1cc(C2=C(c3cn(CCCCC(=N)N)c4ccccc34)C(=O)NC2=O)c2ccccc21,C26H25N5O2,439.52
CHEMBL387335,,,
CHEMBL268769,CN(C)CCCn1cc(C2=C(c3cn(C)c4ccccc34)C(=O)NC2=O)c2ccccc21,C26H26N4O2,426.52
CHEMBL269264,Cn1cc(C2=C(c3cn(CCCN)c4ccccc34)C(=O)NC2=O)c2ccccc21,C24H22N4O2,398.47
CHEMBL6209,CCNCC1CCN(c2c(F)cc3c(=O)c(C(=O)O)cn(CC)c3c2F)C1,C19H23F2N3O3,379.41
CHEMBL6210,CCNCC1CCN(c2c(F)cc3c(=O)c(C(=O)O)cn(C4CC4)c3c2F)C1,C20H23F2N3O3,391.42
CHEMBL267386,Cn1cc(C2=C(c3cn(CCCN=C(N)N)c4ccccc34)C(=O)NC2=O)c2ccccc21,C25H24N6O2,440.51
CHEMBL6220,CC1(C)[C@H](C(=O)O)N2C(=O)[C@@H](Cc3cn(-c4ccccc4)nn3)[C@H]2S1(=O)=O,C17H18N4O5S,390.42
CHEMBL267626,CC1(C)[C@H](C(=O)O)N2C(=O)C(C/C=C/C#N)[C@@H]2S1(=O)=O,C12H14N2O5S,298.32
CHEMBL6221,COC(=O)/C=C/CC1C(=O)N2[C@@H](C(=O)O)C(C)(C)S(=O)(=O)[C@@H]12,C13H17NO7S,331.35
CHEMBL265663,CCNCC1CCN(c2c(F)cc3c(=O)c(C(=O)O)cn(CC(F)(F)F)c3c2F)C1,C19H20F5N3O3,433.38
CHEMBL268292,Cn1cc(C2=C(c3cn(CCO)c4ccccc34)C(=O)NC2=O)c2ccccc21,C23H19N3O3,385.42
CHEMBL6205,Cn1cc(C2=C(c3cn(CCCO)c4ccccc34)C(=O)NC2=O)c2ccccc21,C24H21N3O3,399.45
CHEMBL441172,Cn1cc(C2=C(c3cn(CCCCO)c4ccccc34)C(=O)NC2=O)c2ccccc21,C25H23N3O3,413.48
CHEMBL6199,Cn1cc(C2=C(c3cn(CCCCCO)c4ccccc34)C(=O)NC2=O)c2ccccc21,C26H25N3O3,427.50
CHEMBL429244,CNCCCn1cc(C2=C(c3cn(C)c4ccccc34)C(=O)NC2=O)c2ccccc21,C25H24N4O2,412.49
CHEMBL6204,COc1ccc(-c2c(-c3ccccn3)nc3n2CCC3)cc1,C18H17N3O,291.35
CHEMBL6229,CCc1cc2c(Sc3nnc(N)s3)ncnc2s1,C10H9N5S3,295.42
CHEMBL6231,CNn1cc(C(=O)O)c(=O)c2cc(F)c(N3CCN(C)CC3)cc21,C16H19FN4O3,334.35
CHEMBL6215,CCc1cc2c(O)ncnc2s1,C8H8N2OS,180.23
CHEMBL6235,Cn1cc(C2=C(c3cn(CCCCCN)c4ccccc34)C(=O)NC2=O)c2ccccc21,C26H26N4O2,426.52
CHEMBL266483,Cn1cc(C2=C(c3cn(CCCCN)c4ccccc34)C(=O)NC2=O)c2ccccc21,C25H24N4O2,412.49
CHEMBL8,O=C(O)c1cn(C2CC2)c2cc(N3CCNCC3)c(F)cc2c1=O,C17H18FN3O3,331.35
CHEMBL6224,C1=C(c2ccccc2)CCNC1,C11H13N,159.23
CHEMBL6225,CCNCC1CCN(c2c(F)cc3c(=O)c(C(=O)O)cn(CC4CC4)c3c2F)C1,C21H25F2N3O3,405.45
CHEMBL6256,CCNCC1CCN(c2c(F)cc3c(=O)c(C(=O)O)cn(NC)c3c2F)C1,C18H22F2N4O3,380.40
CHEMBL267230,C[N+]1([O-])CC=C(c2ccccc2)CC1,C12H15NO,189.26
CHEMBL9,CCn1cc(C(=O)O)c(=O)c2cc(F)c(N3CCNCC3)cc21,C16H18FN3O3,319.34
CHEMBL268888,Cn1cc(C2=C(c3cn(CCCCSC(=N)N)c4ccccc34)C(=O)NC2=O)c2ccccc21,C26H25N5O2S,471.59
CHEMBL415287,CCNCC1CCN(c2c(F)cc3c(=O)c(C(=O)O)cn(CCF)c3c2F)C1,C19H22F3N3O3,397.40
CHEMBL6250,O=C(O)c1ccc(-c2nc(-c3ccc4c(c3)OCO4)c(-c3ccccn3)[nH]2)cc1,C22H15N3O4,385.38
CHEMBL10,C[S+]([O-])c1ccc(-c2nc(-c3ccc(F)cc3)c(-c3ccncc3)[nH]2)cc1,C21H16FN3OS,377.44
CHEMBL268889,c1ccc(-c2nc3n(c2-c2ccc4c(c2)OCO4)CCC3)nc1,C18H15N3O2,305.34
CHEMBL266706,Fc1ccc(-c2c(-c3ccccn3)nc3n2CCS3)cc1,C16H12FN3S,297.36
CHEMBL6304,Fc1ccc(-c2c(-c3ccccn3)nc3n2CCC3)cc1,C17H14FN3,279.32
CHEMBL266707,Fc1ccc(-c2c(-c3ccncc3)nc3n2CCS3)cc1,C16H12FN3S,297.36
CHEMBL6294,Fc1ccc(-c2c(-c3cccnc3)nc3n2CCC3)cc1,C17H14FN3,279.32
CHEMBL6299,CCNCC1CCN(c2c(F)cc3c(=O)c(C(=O)O)cn(-c4nccs4)c3c2F)C1,C20H20F2N4O3S,434.47
CHEMBL263075,CCNCC1CCN(c2c(F)cc3c(=O)c(C(=O)O)cn(-c4ccccc4)c3c2F)C1,C23H23F2N3O3,427.45
CHEMBL6262,CCNCC1CCN(c2c(F)cc3c(=O)c(C(=O)O)cn(C4CCC4)c3c2F)C1,C21H25F2N3O3,405.45
CHEMBL6276,CCNCC1CCN(c2c(F)cc3c(=O)c(C(=O)O)cn(C4(C)CC4)c3c2F)C1,C21H25F2N3O3,405.45
CHEMBL6279,Cn1cc(C2=C(c3cn(CCC/N=C(\N)N[N+](=O)[O-])c4ccccc34)C(=O)NC2=O)c2ccccc21,C25H23N7O4,485.50
CHEMBL269056,CCc1cc2c(Cl)ncnc2s1,C8H7ClN2S,198.68
CHEMBL267127,CCc1cc2c(Sc3nnc(C)s3)ncnc2s1,C11H10N4S3,294.43
CHEMBL269495,CCc1cc2c(Nc3nnc(C)s3)ncnc2s1,C11H11N5S2,277.38
CHEMBL267678,Cc1ccc(Sc2cncc3sc(C(N)=O)cc23)cc1,C15H12N2OS2,300.41
CHEMBL267914,Cc1ccc(Sc2ccnc3sc(C(N)=O)cc23)cc1,C15H12N2OS2,300.41
CHEMBL6248,COc1ccc2sc(C(N)=O)c(OC(C)C)c2c1,C13H15NO3S,265.33
CHEMBL269339,O=C(O)c1ccc(-c2nc(-c3ccc(F)cc3)c(-c3ccccn3)[nH]2)cc1,C21H14FN3O2,359.36
CHEMBL269341,N#Cc1ccc(-c2nc(-c3ccc4c(c3)OCO4)c(-c3ccccn3)[nH]2)cc1,C22H14N4O2,366.38
CHEMBL440084,NC(=O)c1ccc(-c2nc(-c3ccccn3)c(-c3ccc4c(c3)OCO4)[nH]2)cc1,C22H16N4O3,384.40
CHEMBL267228,OCc1ccc(-c2nc(-c3ccccn3)c(-c3ccc4c(c3)OCO4)[nH]2)cc1,C22H17N3O3,371.40
CHEMBL6252,O=C(O)c1ccc(-c2nc(-c3ccc(F)cc3)c(-c3ccncc3)[nH]2)cc1,C21H14FN3O2,359.36
CHEMBL268529,Cn1cc(C2=C(c3cn(CCN)c4ccccc34)C(=O)NC2=O)c2ccccc21,C23H20N4O2,384.44
CHEMBL267126,Cn1cc(C2=C(c3cn(CCSC(=N)N)c4ccccc34)C(=O)NC2=O)c2ccccc21,C24H21N5O2S,443.53
CHEMBL6274,Cn1cc(C2=C(c3cn(CCCCCSC(=N)N)c4ccccc34)C(=O)NC2=O)c2ccccc21,C27H27N5O2S,485.61
CHEMBL268530,Cc1ccc(Sc2cncc3sc(CO)cc23)cc1,C15H13NOS2,287.41
CHEMBL6275,Cc1cc(C)cc(Sc2cncc3sc(C(N)=O)cc23)c1,C16H14N2OS2,314.44
CHEMBL267125,Cc1ccc(Sc2cncc3sc(C(N)=O)cc23)cc1C,C16H14N2OS2,314.44
CHEMBL269497,Cc1cccc(Sc2cncc3sc(C(N)=O)cc23)c1,C15H12N2OS2,300.41
CHEMBL6278,Cc1ccccc1Sc1cncc2sc(C(N)=O)cc12,C15H12N2OS2,300.41
CHEMBL267456,NC(=O)c1cc2c(Sc3ccccc3)cncc2s1,C14H10N2OS2,286.38
CHEMBL6316,Cc1ccc(Sc2cncc3sc(/C=N/OCC(=O)O)cc23)cc1,C17H14N2O3S2,358.44
CHEMBL6324,Cc1ccc(Sc2cncc3sc(/C=N/OCc4ccccc4)cc23)cc1,C22H18N2OS2,390.53
CHEMBL6249,Cc1ccc(Sc2cncc3sc(/C=N/Oc4ccccc4)cc23)cc1,C21H16N2OS2,376.51
CHEMBL6258,Cc1ccc(Sc2cncc3sc(/C=N/O)cc23)cc1,C15H12N2OS2,300.41
CHEMBL6257,NC(=O)c1cc2c(Cl)cncc2s1,C8H5ClN2OS,212.66
CHEMBL262570,C/C(=N\O)c1cc2c(Sc3ccc(C)cc3)cncc2s1,C16H14N2OS2,314.44
CHEMBL6264,Cc1ccc(Sc2cncc3sc(/C=N/OCC(N)=O)cc23)cc1,C17H15N3O2S2,357.46
CHEMBL6636,C#CCN(Cc1ccc2nc(C)nc(O)c2c1)c1ccc(C(=O)N[C@@H](C(=O)O)c2cccc([N+](=O)[O-])c2)cc1,C28H23N5O6,525.52
CHEMBL269598,Cc1ccc(Sc2cncc3sc(C(=O)NN)cc23)cc1,C15H13N3OS2,315.42
CHEMBL6369,COC(=O)c1cc2c(Sc3ccc(C)cc3)cncc2s1,C16H13NO2S2,315.42
CHEMBL6370,Cc1ccc(Sc2cncc3sc(C(=O)O)cc23)cc1,C15H11NO2S2,301.39
CHEMBL6371,Cc1ccc(Sc2cncc3sc(C(=O)c4ccccc4)cc23)cc1,C21H15NOS2,361.49
CHEMBL266708,CC(=O)c1cc2c(Sc3ccc(C)cc3)cncc2s1,C16H13NOS2,299.42
CHEMBL6381,Cc1ccc(Sc2cncc3sc(C=O)cc23)cc1,C15H11NOS2,285.39
CHEMBL266460,Cc1ccc(Sc2cncc3sc(C(=O)N=C(N)N)cc23)cc1,C16H14N4OS2,342.45
CHEMBL6762,Cc1ccc(Sc2cncc3sc(C(=O)NCCCN4CCOCC4)cc23)cc1,C22H25N3O2S2,427.60
CHEMBL266197,CCc1cc2c(Sc3ccc(C)cc3)cncc2s1,C16H15NS2,285.44
CHEMBL269075,CONC(=O)c1cc2c(Sc3ccc(C)cc3)cncc2s1,C16H14N2O2S2,330.43
CHEMBL6517,CON(C)C(=O)c1cc2c(Sc3ccc(C)cc3)cncc2s1,C17H16N2O2S2,344.46
CHEMBL263080,NC(=O)c1cc2c(Sc3ccccn3)cncc2s1,C13H9N3OS2,287.37
CHEMBL6534,NC(=O)c1cc2c(Sc3ccc(-c4ccccc4)cc3)cncc2s1,C20H14N2OS2,362.48
CHEMBL263081,COc1ccc(Sc2cncc3sc(C(N)=O)cc23)cc1,C15H12N2O2S2,316.41
CHEMBL266198,NC(=O)c1cc2c(Sc3ccc(Br)cc3)cncc2s1,C14H9BrN2OS2,365.28
CHEMBL6612,NC(=O)c1cc2c(Sc3ccc(Cl)c(Cl)c3)cncc2s1,C14H8Cl2N2OS2,355.27
CHEMBL268567,NC(=O)c1cc2c(Sc3ccc(Cl)cc3)cncc2s1,C14H9ClN2OS2,320.83
CHEMBL428508,Cc1ccc(Sc2cncc3sc(C(=O)NCC(O)CO)cc23)cc1,C18H18N2O3S2,374.49
CHEMBL6417,Cc1ccc(Sc2cncc3sc(C(=O)Nc4ccc(Cl)cc4)cc23)cc1,C21H15ClN2OS2,410.95
CHEMBL266429,Cc1ccc(Sc2cncc3sc(C(=N)S)cc23)cc1,C15H12N2S3,316.48
CHEMBL6490,CCC(c1cc(Br)c(O)c(Br)c1)C(CC)c1cc(Br)c(O)c(Br)c1,C18H18Br4O2,585.96
CHEMBL414201,CC(=O)OC1CC2(O)C3CCC4CC(OC=O)CCC4(C)C3CCC2(C)[C@H]1C1=CC(=O)OC1,C26H36O7,460.57
CHEMBL269538,COc1ccc2c(c1)[nH]c1c(C)nccc12,C13H12N2O,212.25
CHEMBL6857,Brc1cccc2c3c([nH]c12)CNCC3,C11H11BrN2,251.13
CHEMBL6746,Brc1cccc2c3c([nH]c12)C=NCC3,C11H9BrN2,249.11
CHEMBL6505,CC(C)C[C@H](NC(=O)[C@@H](NC(=O)[C@H](Cc1c[nH]c2ccccc12)NC(=O)[C@H]1CCCN1C(=O)C(CCCCN)CCCCN)C(C)(C)C)C(=O)O,C38H61N7O6,711.95
CHEMBL266572,Cc1ccc(Sc2cncc3sccc23)cc1,C14H11NS2,257.38
CHEMBL6558,CC(=O)OC1CCC2(C)C(CCC3C2CCC2(C)[C@H](C4=CC(=O)OC4)C(=O)CC32O)C1,C25H34O6,430.54
CHEMBL6404,CCC(c1ccc(O)cc1)C(CC)c1ccc(O)c(F)c1,C18H21FO2,288.36
CHEMBL6717,COc1ccc2[nH]c3c(c2c1)CCN=C3,C12H12N2O,200.24
CHEMBL6532,C/N=C(/NC(N)=O)NC1c2cc(C#N)ccc2OC(C)(C)[C@H]1O,C15H19N5O3,317.35
CHEMBL427969,COC(=O)OC1CCC2(C)C(CCC3C2CCC2(C)[C@@H](C4=CC(=O)OC4)C(O)CC32O)C1,C25H36O7,448.56
CHEMBL6647,CN(C)c1cccc2c(S(=O)(=O)Nc3ncc(Br)nc3O)cccc12,C16H15BrN4O3S,423.29
CHEMBL6514,Cc1c(C)c2c(c(C)c1OCc1ccccc1)CCC(C)(CN(C)CCOc1ccc(/C=C3\SC(=O)NC3=O)cc1)O2,C34H38N2O5S,586.75
CHEMBL266066,C#CCN(Cc1cc2c(O)nc(C)nc2cc1C)c1ccc(C(=O)NCc2cncs2)c(F)c1,C25H22FN5O2S,475.55
CHEMBL6398,CNC(=N)NCCCC(N)P(=O)(O)O,C6H17N4O3P,224.20
CHEMBL269002,C/N=C(/NC(C)=O)NC1c2cc(C#N)ccc2OC(C)(C)[C@H]1O,C16H20N4O3,316.36
CHEMBL264095,C#CCN(Cc1cc2c(O)nc(C)nc2cc1C)c1ccc(C(=O)NCc2cccc(C#N)c2)c(F)c1,C29H24FN5O2,493.54
CHEMBL6576,COc1nc(Br)cnc1NS(=O)(=O)c1cccc2ccccc12,C15H12BrN3O3S,394.25
CHEMBL6591,COc1cccc2[nH]c3c(c12)CCN=C3,C12H12N2O,200.24
CHEMBL6586,COc1cccc2[nH]c3c(c12)CCNC3,C12H14N2O,202.26
CHEMBL268151,C#CCN(Cc1cc2c(O)nc(C)nc2cc1C)c1ccc(C(=O)NCc2nccs2)c(F)c1,C25H22FN5O2S,475.55
CHEMBL6388,NC(N)=NCCCC(N)P(=O)(O)O,C5H15N4O3P,210.17
CHEMBL6401,NC(N)=NCCCC(N)[PH](=O)O,C5H15N4O2P,194.17
CHEMBL6320,Cc1ccc([S+]([O-])c2cncc3sc(C(N)=O)cc23)cc1,C15H12N2O2S2,316.41
CHEMBL268667,NC(=O)Sc1cncc2sc(C(N)=O)cc12,C9H7N3O2S2,253.31
CHEMBL269570,NC(=O)c1cc2c(SCc3ccc(Cl)cc3)cncc2s1,C15H11ClN2OS2,334.85
CHEMBL6310,COc1ccc2c3c([nH]c2c1)CNCC3,C12H14N2O,202.26
CHEMBL269571,COc1cccc2c3c([nH]c12)CNCC3,C12H14N2O,202.26
CHEMBL6325,C#CCN(Cc1ccc2nc(C)nc(O)c2c1)c1ccc(C(=O)NCc2cccc([N+](=O)[O-])c2)cc1,C27H23N5O4,481.51
CHEMBL268099,NC(=O)c1cc2c(SC3CCCCC3)cncc2s1,C14H16N2OS2,292.43
CHEMBL267938,Cc1occc1Sc1cncc2sc(C(N)=O)cc12,C13H10N2O2S2,290.37
CHEMBL268070,Cc1nnc(Sc2cncc3sc(C(N)=O)cc23)s1,C11H8N4OS3,308.41
CHEMBL6829,C#CCN(Cc1ccc2nc(C)nc(O)c2c1)c1ccc(C(=O)NCc2ccccc2)cc1,C27H24N4O2,436.52
CHEMBL6830,Cc1ccc(Sc2cncc3sc(C(N)=O)cc23)c(C)c1,C16H14N2OS2,314.44
CHEMBL6383,CC12CCC(OC=O)CC1CCC1C2CCC2(C)[C@@H](C3=CC(=O)OC3)C(O)CC12O,C24H34O6,418.53
CHEMBL415107,CCC(c1ccc(O)c(F)c1)C(CC)c1ccc(O)c(F)c1,C18H20F2O2,306.35
CHEMBL267937,CCC(c1ccc(O)cc1)C(CC)c1ccc(O)c(I)c1,C18H21IO2,396.27
CHEMBL266196,CN(C(=O)[C@H](Cc1ccc(CN)cc1)NS(=O)(=O)c1ccc2ccccc2c1)C1CCCC1,C26H31N3O3S,465.62
CHEMBL6442,Cc1ccc(Sc2cccc3sc(C(N)=O)cc23)cc1,C16H13NOS2,299.42
CHEMBL268149,COC(=O)OC1CCC2(C)C(CCC3C2CCC2(C)[C@@H](C4=CC(=O)OC4)C(OC(=O)OC)CC32O)C1,C27H38O9,506.59
CHEMBL6307,C#CCN(Cc1ccc2nc(C)nc(O)c2c1)c1ccc(C(=O)NCC)cc1,C22H22N4O2,374.44
CHEMBL6295,CCC(c1ccc(O)c(I)c1)C(CC)c1ccc(O)c(I)c1,C18H20I2O2,522.16
CHEMBL6296,CN(C)c1cccc2c(S(=O)(=O)Nc3ncc(Br)nc3C#N)cccc12,C17H14BrN5O2S,432.30
CHEMBL6305,CNC(=N)NCCCC(N)[PH](=O)O,C6H17N4O2P,208.20
CHEMBL266221,C1=NCCc2c1[nH]c1ccccc21,C11H10N2,170.21
CHEMBL6297,CN(C)c1cccc2c(S(=O)(=O)Nc3ccc(Br)nn3)cccc12,C16H15BrN4O2S,407.29
CHEMBL6761,CN(C)c1cccc2c(S(=O)(=O)Nc3ccc(Cl)nn3)cccc12,C16H15ClN4O2S,362.84
CHEMBL6516,CCC(c1ccc(O)c(Br)c1)C(CC)c1cc(Br)c(O)c(Br)c1,C18H19Br3O2,507.06
CHEMBL269057,N/C(=N/CCCC(N)P(=O)(O)O)N[N+](=O)[O-],C5H14N5O5P,255.17
CHEMBL6426,Brc1cccc2[nH]c3c(c12)CCNC3,C11H11BrN2,251.13
CHEMBL6427,Brc1ccc2[nH]c3c(c2c1)CCNC3,C11H11BrN2,251.13
CHEMBL6716,CC(C)C[C@H](NC(=O)[C@@H](NC(=O)[C@H](Cc1c[nH]c2ccccc12)NC(=O)[C@H]1CCCN1C(=O)C(CCCN=C(N)N)CCCN=C(N)N)C(C)(C)C)C(=O)O,C38H61N11O6,767.98
CHEMBL6555,CNc1cccc2c(S(=O)(=O)Nc3ncc(Br)nc3OC)cccc12,C16H15BrN4O3S,423.29
CHEMBL268174,COc1nc(C)cnc1NS(=O)(=O)c1cccc2c(N(C)C)cccc12,C18H20N4O3S,372.45
CHEMBL385851,CC(C)[C@@H]1NC(=O)CNC(=O)[C@H](CO)NC(=O)[C@@H]2CS[C@H]3CC[C@H](NC(=O)[C@@H](O)NC(=O)CNC(=O)[C@@H](C(C)C)NC(=O)[C@H](CC(=O)O)NC(=O)CNC(=O)[C@H](CCCN=C(N)N)NC(=O)[C@@H](C)NC1=O)C(=O)N32,C42H67N15O16S,1070.15
CHEMBL6573,N/C(=N/CCCC(N)[PH](=O)O)N[N+](=O)[O-],C5H14N5O4P,239.17
CHEMBL268691,COc1cc(Br)c2c3c([nH]c2c1)CNCC3,C12H13BrN2O,281.15
CHEMBL414199,CCC(c1ccc(O)c(I)c1)C(CC)c1cc(I)c(O)c(I)c1,C18H19I3O2,648.06
CHEMBL6615,CCC(c1ccc(O)cc1)C(CC)c1ccc(O)cc1,C18H22O2,270.37
CHEMBL441891,Brc1ccc2c3c([nH]c2c1)CNCC3,C11H11BrN2,251.13
CHEMBL263883,Cn1c2c(c3ccccc31)CCNC2,C12H14N2,186.26
CHEMBL266798,Cc1ccc(Sc2nccc3sc(C(N)=O)cc23)cc1,C15H12N2OS2,300.41
CHEMBL6430,CCc1cc2c(NCc3ccccc3)ncnc2s1,C15H15N3S,269.37
CHEMBL266799,CCc1cc2c(Sc3ccccn3)ncnc2s1,C13H11N3S2,273.39
CHEMBL428999,Brc1ccc2c3c([nH]c2c1)C=NCC3,C11H9BrN2,249.11
CHEMBL6626,Brc1ccc2[nH]c3c(c2c1)CCN=C3,C11H9BrN2,249.11
CHEMBL6632,C#CCN(Cc1cc2c(O)nc(C)nc2cc1C)c1ccc(C(=O)NCc2ccccn2)c(F)c1,C27H24FN5O2,469.52
CHEMBL267036,CNC(=O)NC1c2cc(C#N)ccc2OC(C)(C)[C@H]1O,C14H17N3O3,275.31
CHEMBL265621,C/N=C(/NC#N)NC1c2cc(C#N)ccc2OC(C)(C)[C@H]1O,C15H17N5O2,299.33
CHEMBL6557,Cn1c2c(c3ccccc31)CCNCC2,C13H16N2,200.28
CHEMBL427956,CC(C)C[C@H](NC(=O)[C@@H](NC(=O)[C@H](Cc1c[nH]c2ccccc12)NC(=O)[C@H]1CCCN1C(=O)C(CCCN)CCCN)C(C)(C)C)C(=O)O,C36H57N7O6,683.89
CHEMBL269236,c1ccc2c3c([nH]c2c1)CNCC3,C11H12N2,172.23
CHEMBL6567,CC1OC(n2cc(F)c(=O)[nH]c2=O)C(O)C1O,C9H11FN2O5,246.19
CHEMBL6386,C[C@]12CCC3c4ccc(O)cc4CCC3C1CC[C@@H]2O,C18H24O2,272.39
CHEMBL267702,C#CCN(Cc1ccc2nc(C)nc(O)c2c1)c1ccc(C(=O)NCc2nccs2)cc1,C24H21N5O2S,443.53
CHEMBL6384,CN/C(=N/C1=CC(C)(C)Oc2ccc(C#N)cc21)NC#N,C15H15N5O,281.32
CHEMBL6467,CSc1ccc(CC(C)N)cc1,C10H15NS,181.30
CHEMBL414012,C#CCN(Cc1cc2c(O)nc(C)nc2cc1C)c1ccc(C(=O)N[C@H](CCC(=O)O)C(=O)O)c(F)c1,C26H25FN4O6,508.51
CHEMBL269074,c1ccc2c3c([nH]c2c1)CCNC3,C11H12N2,172.23
CHEMBL268387,Cc1ccc(NS(=O)(=O)c2cccc3c(N(C)C)cccc23)nn1,C17H18N4O2S,342.42
CHEMBL6389,O=C1N(CN2CCCCC2)c2ccccc2C12SCCS2,C16H20N2OS2,320.48
CHEMBL6390,O=C1Nc2ccccc2C12OCCCO2,C11H11NO3,205.21
CHEMBL266956,C#CCN(Cc1ccc2nc(C)nc(O)c2c1)c1ccc(C(=O)N[C@@H](C(=O)O)c2ccccc2)cc1,C28H24N4O4,480.52
CHEMBL441173,CC1OC(OC2CCC3(C)C(CCC4C3CCC3(C)[C@@H](C5=CC(=O)OC5)C(OC=O)CC43O)C2)CC(O)C1O,C30H44O9,548.67
CHEMBL6509,NCc1c[nH]c2ccccc12,C9H10N2,146.19
CHEMBL6412,COc1nc(Cl)cnc1NS(=O)(=O)c1cccc2c(N(C)C)cccc12,C17H17ClN4O3S,392.87
CHEMBL6616,COc1cc(CC(C)N)c(OC)cc1I,C11H16INO2,321.16
CHEMBL268689,CCC(Cc1ccc2c(c1)OCO2)NC,C12H17NO2,207.27
CHEMBL6472,CCC(c1cc(I)c(O)c(I)c1)C(CC)c1cc(I)c(O)c(I)c1,C18H18I4O2,773.96
CHEMBL267599,Brc1cccc2[nH]c3c(c12)CCN=C3,C11H9BrN2,249.11
CHEMBL6639,C#CCN(Cc1ccc2nc(C)nc(O)c2c1)c1ccc(C(=O)N[C@@H](C(=O)O)c2cccc(O)c2)cc1,C28H24N4O5,496.52
CHEMBL6640,NCCc1c[nH]c2ccccc12,C10H12N2,160.22
CHEMBL268854,C#CCN(Cc1ccc2nc(C)nc(O)c2c1)c1ccc(C(=O)NCc2ccc(Cl)cc2)cc1,C27H23ClN4O2,470.96
CHEMBL6523,CCc1cc2c(Sc3ccc(C)cc3)ncnc2s1,C15H14N2S2,286.43
CHEMBL266064,CCc1cc2c(SCc3ccccc3)ncnc2s1,C15H14N2S2,286.42
CHEMBL269367,COc1cccc2c3c([nH]c12)C=NCC3,C12H12N2O,200.24
CHEMBL6409,COc1ccc2c3c([nH]c2c1)C=NCC3,C12H12N2O,200.24
CHEMBL266084,COc1ccc2[nH]c3c(c2c1)CCNC3,C12H14N2O,202.26
CHEMBL6560,C#CCN(Cc1ccc2nc(C)nc(O)c2c1)c1ccc(C(=O)NCC(=O)O)cc1,C22H20N4O4,404.43
CHEMBL268100,C#CCN(Cc1ccc2nc(C)nc(O)c2c1)c1ccc(C(=O)NCc2cccc(C#N)c2)cc1,C28H23N5O2,461.53
CHEMBL6548,O=C1Nc2ccc(Br)cc2C12SCCS2,C10H8BrNOS2,302.22
CHEMBL6561,O=C1Nc2ccc(Cl)cc2C12OCCS2,C10H8ClNO2S,241.70
CHEMBL268453,C#CCN(Cc1cc2c(O)nc(C)nc2cc1C)c1ccc(C(=O)NCc2cccc([N+](=O)[O-])c2)c(F)c1,C28H24FN5O4,513.53
CHEMBL6461,C[C@]1(/C=C/C#N)[C@H](C(=O)[O-])N2C(=O)C[C@H]2S1(=O)=O.[Na+],C10H9N2NaO5S,270.27
CHEMBL6715,C#CCN(Cc1cc2c(O)nc(C)nc2cc1C)c1ccc(C(=O)N[C@@H](C(=O)O)C(C)C)c(F)c1,C26H27FN4O4,478.52
CHEMBL266316,O=C1Nc2c(C(F)(F)F)cccc2C12OCCO2,C11H8F3NO3,259.18
CHEMBL6402,CC1OC(OC2CCC3(C)C(CCC4C3CCC3(C)[C@@H](C5=CC(=O)OC5)C(O)CC43O)C2)CC(O)C1O,C29H44O8,520.66
CHEMBL267703,CC1OC(OC2C(O)CC(OC3CCC4(C)C(CCC5C4CCC4(C)[C@@H](C6=CC(=O)OC6)C(O)CC54O)C3)OC2C)CC(O)C1O,C35H54O11,650.81
CHEMBL6391,Cc1c(CC(C)N)ccc2c1OCO2,C11H15NO2,193.25
CHEMBL6330,Cc1cc(CC(C)N)cc2c1OCO2,C11H15NO2,193.25
CHEMBL268629,C#CCN(Cc1ccc2nc(C)nc(O)c2c1)c1ccc(C(=O)N[C@H](Cc2ccc([N+](=O)[O-])cc2)C(=O)O)cc1,C29H25N5O6,539.55
CHEMBL6506,CN(C)c1cccc2c(S(=O)(=O)Nc3ncc(Br)nc3OCc3ccccc3)cccc12,C23H21BrN4O3S,513.42
CHEMBL6588,CCOc1nc(Br)cnc1NS(=O)(=O)c1cccc2c(N(C)C)cccc12,C18H19BrN4O3S,451.35
CHEMBL6542,NC(=O)c1cc2c(Sc3ccc(C(F)(F)F)cc3)cncc2s1,C15H9F3N2OS2,354.38
CHEMBL6470,COc1ccc2c(c1)[nH]c1cnccc12,C12H10N2O,198.22
CHEMBL267164,COCCNC(=O)C1CCN(c2nc(N)c3cc(OC)c(OC)cc3n2)CC1,C19H27N5O4,389.46
CHEMBL6831,CCN(CC)C(=O)C1CCCN(c2nc(N)c3cc(OC)c(OC)cc3n2)C1,C20H29N5O3,387.48
CHEMBL269342,C#CCN(Cc1ccc2nc(C)nc(O)c2c1)c1ccc(C(=O)NCc2cscn2)cc1,C24H21N5O2S,443.53
CHEMBL6317,C#CCN(Cc1ccc2nc(C)nc(O)c2c1)c1ccc(C(=O)NCc2ccsc2)cc1,C25H22N4O2S,442.54
CHEMBL267457,CCCCNC(=O)CCC1CCN(c2nc(N)c3cc(OC)c(OC)cc3n2)CC1,C22H33N5O3,415.54
CHEMBL267458,Cc1noc(NS(=O)(=O)c2cccc3c(N(C)C)cccc23)c1C,C17H19N3O3S,345.42
CHEMBL6318,CC/C(=C(\c1ccc(I)cc1)c1ccc(OCCN2CCCC2)cc1)c1ccccc1,C28H30INO,523.46
CHEMBL268389,CC/C(=C(\c1ccc(I)cc1)c1ccc(OCCCCCN2CCCC2)cc1)c1ccccc1,C31H36INO,565.54
CHEMBL6547,CC/C(=C(\c1ccc(I)cc1)c1ccc(OCCCCCCCCCCN2CCCC2)cc1)c1ccccc1,C36H46INO,635.67
CHEMBL6446,COc1ccc(C2CN3CCN(C)CC3c3ccccc32)cc1,C20H24N2O,308.43
CHEMBL6605,Cc1c(C)c2c(c(C)c1OCc1ccccc1)C(CN(C)CCOc1ccc(/C=C3\SC(=O)NC3=O)cc1)C(C)(C)O2,C34H38N2O5S,586.75
CHEMBL6399,CN(C)c1cccc2c(S(=O)(=O)Nc3cnccn3)cccc12,C16H16N4O2S,328.40
CHEMBL266315,CN(C)c1cccc2c(S(=O)(=O)Nc3ccc(Cl)cn3)cccc12,C17H16ClN3O2S,361.85
CHEMBL6400,CN(C)c1cccc2c(S(=O)(=O)Nc3ccc(Br)cc3)cccc12,C18H17BrN2O2S,405.32
CHEMBL6574,c1ccc(CN2CCN3CC(c4ccccc4)c4ccccc4C3C2)cc1,C25H26N2,354.50
CHEMBL6575,CN1CCN2CC(c3ccc([N+](=O)[O-])cc3)c3ccc([N+](=O)[O-])cc3C2C1,C19H20N4O4,368.39
CHEMBL6459,CN1CCN2CC(c3ccc(Cl)cc3)c3ccccc3C2C1,C19H21ClN2,312.84
CHEMBL266801,CN1CCN2CC(c3ccc([N+](=O)[O-])cc3)c3ccccc3C2C1,C19H21N3O2,323.40
CHEMBL6566,Cc1nc(NS(=O)(=O)c2cccc3c(N(C)C)cccc23)ccc1Br,C18H18BrN3O2S,420.33
CHEMBL6570,Nc1nc(N)c2nc(Sc3cccc(C(F)(F)F)c3)cnc2n1,C13H9F3N6S,338.32
CHEMBL269472,CC/C(=C(\c1ccc(I)cc1)c1ccc(OCCCN2CCCC2)cc1)c1ccccc1,C29H32INO,537.49
CHEMBL6512,CCCc1nc(Br)cnc1NS(=O)(=O)c1cccc2c(N(C)C)cccc12,C19H21BrN4O2S,449.37
CHEMBL6800,COc1nc(Br)cnc1NS(=O)(=O)c1cccc2c(N(C)C)cccc12,C17H17BrN4O3S,437.32
CHEMBL6376,Cc1cc2c(cc1CC(C)N)OCO2,C11H15NO2,193.25
CHEMBL6368,CC(N)Cc1ccc(I)cc1,C9H12IN,261.11
CHEMBL6380,COc1cc2nc(N3CCC(C(=O)Nc4ccccc4)CC3)nc(N)c2cc1OC,C22H25N5O3,407.47
CHEMBL415288,COc1cc2nc(N3CCC(C(=O)N(C)Cc4ccccc4)CC3)nc(N)c2cc1OC,C24H29N5O3,435.53
CHEMBL6627,CN1CCN2CC(c3ccccc3)c3ccccc3C2C1,C19H22N2,278.40
CHEMBL404992,CCCN1CCN2CC(c3ccccc3)c3ccccc3C2C1,C21H26N2,306.45
CHEMBL6543,CCc1nc(Br)cnc1NS(=O)(=O)c1cccc2c(N(C)C)cccc12,C18H19BrN4O2S,435.35
CHEMBL269537,COc1cc2nc(N3CCC(CC(=O)NCC4CC4)CC3)nc(N)c2cc1OC,C21H29N5O3,399.50
CHEMBL6842,CC(N)Cc1ccc2c(c1)CCC2,C12H17N,175.27
CHEMBL6664,CCC(c1ccc(O)cc1)C(CC)c1cc(I)c(O)c(I)c1,C18H20I2O2,522.16
CHEMBL6732,CCC(c1ccc(O)cc1)C(CC)c1ccc(O)c(Br)c1,C18H21BrO2,349.27
CHEMBL267600,CC/C(=C(\c1ccc(I)cc1)c1ccc(OCCCCCCCN2CCCC2)cc1)c1ccccc1,C33H40INO,593.59
CHEMBL266508,C#CCN(Cc1ccc2nc(C)nc(O)c2c1)c1ccc(C(=O)N[C@H](C)C(=O)O)cc1,C23H22N4O4,418.45
CHEMBL6788,C#CCN(Cc1ccc2nc(C)nc(O)c2c1)c1ccc(C(=O)N[C@H](CCC)C(=O)O)cc1,C25H26N4O4,446.51
CHEMBL6789,CCCCNC(=O)CC1CCN(c2nc(N)c3cc(OC)c(OC)cc3n2)CC1,C21H31N5O3,401.51
CHEMBL266684,CN(C)c1cccc2c(S(=O)(=O)Nc3ccc(I)cn3)cccc12,C17H16IN3O2S,453.31
CHEMBL6485,CCC(c1ccc(O)c(Br)c1)C(CC)c1ccc(O)c(Br)c1,C18H20Br2O2,428.16
CHEMBL266685,C/N=C(/NC#N)NC1c2cnccc2OC(C)(C)[C@H]1O,C13H17N5O2,275.31
CHEMBL6744,CC/C(=C(\c1ccc(I)cc1)c1ccc(OCCCCCCCCCN2CCCC2)cc1)c1ccccc1,C35H44INO,621.65
CHEMBL268340,CC12CCC(O)CC1CCC1C2CCC2(C)[C@@H](C3=CC(=O)OC3)C(OC=O)CC12O,C24H34O6,418.53
CHEMBL266927,COc1cc2nc(N3CCC(C(N)=O)CC3)nc(N)c2cc1OC,C16H21N5O3,331.38
CHEMBL6617,CC/C(=C(\c1ccc(I)cc1)c1ccc(OCCCCCCN(C)C)cc1)c1ccccc1,C30H36INO,553.53
CHEMBL267035,CC/C(=C(\c1ccc(I)cc1)c1ccc(OCCCCN2CCCC2)cc1)c1ccccc1,C30H34INO,551.51
CHEMBL6425,C/N=C(\NC1c2cc(C#N)ccc2OC(C)(C)[C@H]1O)NS(N)(=O)=O,C14H19N5O4S,353.40
CHEMBL6436,C#CCN(Cc1cc2c(O)nc(C)nc2cc1C)c1ccc(C(=O)N[C@@H](C(=O)O)C(C)(C)C)c(F)c1,C27H29FN4O4,492.55
CHEMBL6410,CC/C(=C(\c1ccc(I)cc1)c1ccc(OCCCCCCCCN2CCCC2)cc1)c1ccccc1,C34H42INO,607.62
CHEMBL6411,CN(C)c1cccc2c(S(=O)(=O)Nc3ccc(Br)cn3)cccc12,C17H16BrN3O2S,406.31
CHEMBL267833,O=C1Nc2ccc(I)cc2C12OCCO2,C10H8INO3,317.08
CHEMBL267834,O=C1Nc2cc(Cl)ccc2C12OCCO2,C10H8ClNO3,225.63
CHEMBL6382,Cc1nc(Br)cnc1NS(=O)(=O)c1cccc2c(N(C)C)cccc12,C17H17BrN4O2S,421.32
CHEMBL414200,CN(C)c1cccc2c(S(=O)(=O)Nc3cccnn3)cccc12,C16H16N4O2S,328.40
CHEMBL405,CC(N)Cc1ccccc1,C9H13N,135.21
CHEMBL269303,CC/C(=C(\c1ccc(I)cc1)c1ccc(OCCCCCCN2CCCC2)cc1)c1ccccc1,C32H38INO,579.57
CHEMBL266039,c1ccc(CCN2CCN3CC(c4ccccc4)c4ccccc4C3C2)cc1,C26H28N2,368.52
CHEMBL267705,CCN(CC)C(=O)C1CCN(c2nc(N)c3cc(OC)c(OC)cc3n2)CC1,C20H29N5O3,387.48
CHEMBL6431,COc1cc2nc(N3CCC(C(=O)NCCO)CC3)nc(N)c2cc1OC,C18H25N5O4,375.43
CHEMBL6432,Cc1c(C)c2c(c(C)c1O)CCC(C)(CN(C)CCOc1ccc(CC3SC(=O)NC3=O)cc1)O2,C27H34N2O5S,498.65
CHEMBL6628,O=c1[nH]c(=O)n(C2CC(O)C(CO)O2)cc1F,C9H11FN2O5,246.19
CHEMBL6533,C[C@]1(Cn2ccnn2)[C@H](C(=O)[O-])N2C(=O)[C@@H](CO)[C@H]2S1(=O)=O.[Na+],C11H13N4NaO6S,330.32
CHEMBL6579,CC1OC(O)C(OC2CCC3(C)C(CCC4C3CCC3(C)[C@@H](C5=CC(=O)OC5)C(O)CC43O)C2)C(O)C1O,C29H44O9,536.66
CHEMBL6638,CCCCCCN1CCN2CC(c3ccccc3)c3ccccc3C2C1,C24H32N2,348.53
CHEMBL266317,COc1cc2nc(N3CCC(C(=O)NCCOc4ccccc4)CC3)nc(N)c2cc1OC,C24H29N5O4,451.53
CHEMBL267832,C#CCN(Cc1ccc2nc(C)nc(O)c2c1)c1ccc(C(=O)N[C@@H](C(=O)O)C(C)C)cc1,C25H26N4O4,446.51
CHEMBL6622,O=[N+]([O-])O[C@H]1CO[C@H]2[C@@H]1OC[C@H]2O[N+](=O)[O-],C6H8N2O8,236.14
CHEMBL6469,C[C@]1(/C=C\C#N)[C@H](C(=O)[O-])N2C(=O)[C@@H](CO)[C@H]2S1(=O)=O.[Na+],C11H11N2NaO6S,300.29
CHEMBL269471,C[C@]1(/C=C/C#N)[C@H](C(=O)[O-])N2C(=O)[C@@H](CO)[C@H]2S1(=O)=O.[Na+],C11H11N2NaO6S,300.29
CHEMBL6677,CC1(C)Oc2ccc(C#N)cc2C(N2CCCC2=O)[C@@H]1O,C16H18N2O3,286.33
CHEMBL6730,CC/C(=C(\c1ccc(I)cc1)c1ccc(OCCN(C)C)cc1)c1ccccc1,C26H28INO,497.42
CHEMBL6663,C#CCN(Cc1ccc2nc(C)nc(O)c2c1)c1ccc(C(=O)N[C@@H](C(=O)O)C(C)(C)C)cc1,C26H28N4O4,460.53
CHEMBL268627,CCNC(=O)C1CCN(c2nc(N)c3cc(OC)c(OC)cc3n2)CC1,C18H25N5O3,359.43
CHEMBL6596,CC/C(=C(\c1ccc(I)cc1)c1ccc(OCCCCCCCCCCN(C)C)cc1)c1ccccc1,C34H44INO,609.64
CHEMBL6527,CC(C)(C)/N=C(/NC#N)NC1c2cc(C#N)ccc2OC(C)(C)[C@H]1O,C18H23N5O2,341.42
CHEMBL6785,CCN(C)c1cccc2c(S(=O)(=O)Nc3ncc(Br)nc3OC)cccc12,C18H19BrN4O3S,451.35
CHEMBL267426,CC/C(=C(\c1ccc(I)cc1)c1ccc(OCCCCN(C)C)cc1)c1ccccc1,C28H32INO,525.47
CHEMBL6649,CNCC1NCC(c2ccccc2)c2ccccc21,C17H20N2,252.36
CHEMBL266509,C#CCN(Cc1ccc2nc(C)nc(O)c2c1)c1ccc(C(=O)N[C@H](CCC(N)=O)C(=O)O)cc1,C25H25N5O5,475.51
CHEMBL6718,CC/C(=C(\c1ccc(I)cc1)c1ccc(OCCCCCCCCN(C)C)cc1)c1ccccc1,C32H40INO,581.58
CHEMBL263079,CCNc1cccc2c(S(=O)(=O)Nc3ncc(Br)nc3OC)cccc12,C17H17BrN4O3S,437.32
CHEMBL6437,CN1CCN2c3ccccc3Cc3ccccc3C2C1,C18H20N2,264.37
CHEMBL6511,Cc1c(C)c2c(c(C)c1O)CCC(C)(CNCCOc1ccc(/C=C3\SC(=O)NC3=O)cc1)O2,C26H30N2O5S,482.60
CHEMBL6528,CN(C)CC1c2ccccc2C(c2ccccc2)CN1C,C19H24N2,280.42
CHEMBL451551,CC12CCC(OC=O)CC1CCC1C2CCC2(C)[C@@H](C3=CC(=O)OC3)C(OC=O)CC12O,C25H34O7,446.54
CHEMBL6678,CO/N=C/[C@@]1(C)[C@H](C(=O)[O-])N2C(=O)[C@@H](CO)[C@H]2S1(=O)=O.[Na+],C10H13N2NaO7S,306.30
CHEMBL6775,C#CCN(Cc1ccc2nc(C)nc(O)c2c1)c1ccc(C(=O)NCc2ccc([N+](=O)[O-])cc2)cc1,C27H23N5O4,481.51
CHEMBL6471,Cc1c(C)c2c(c(C)c1O)CCC(C)(CN(C)CCOc1ccc(/C=C3\SC(=O)NC3=O)cc1)O2,C27H32N2O5S,496.63
CHEMBL6447,COc1cc2nc(N3CCC(C(=O)NCC4CC4)CC3)nc(N)c2cc1OC,C20H27N5O3,385.47
CHEMBL6556,CCCCNC(=O)C1CCN(c2nc(N)c3cc(OC)c(OC)cc3n2)CC1,C20H29N5O3,387.48
CHEMBL266279,CCCCNC(=O)C1CCCN(c2nc(N)c3cc(OC)c(OC)cc3n2)C1,C20H29N5O3,387.48
CHEMBL6443,CN/C(=C\[N+](=O)[O-])NC1c2cc(C#N)ccc2OC(C)(C)[C@H]1O,C15H18N4O4,318.33
CHEMBL269600,C#CCN(Cc1ccc2nc(C)nc(O)c2c1)c1ccc(C(=O)NCc2nc(C)cs2)cc1,C25H23N5O2S,457.56
CHEMBL6598,COc1cc2nc(N3CCC(C(=O)NC4CCCC4)CC3)nc(N)c2cc1OC,C21H29N5O3,399.50
CHEMBL6433,CN(C)c1cccc2c(S(=O)(=O)Nc3ncc(Cl)cn3)cccc12,C16H15ClN4O2S,362.84
CHEMBL6463,Cc1ccc(NS(=O)(=O)c2cccc3c(N(C)C)cccc23)nc1,C18H19N3O2S,341.44
CHEMBL269536,CC1(C)Oc2ccc(C#N)cc2C(/N=C(/N)NC#N)[C@@H]1O,C14H15N5O2,285.31
CHEMBL6464,O=C1N(CN2CCCCC2)c2ccccc2C12OCCO2,C16H20N2O3,288.35
CHEMBL6731,CC(N)Cc1ccc2c(c1)OCO2,C10H13NO2,179.22
CHEMBL268690,O=c1[nH]c(=O)n(C2CC(O)C(CO)O2)cc1I,C9H11IN2O5,354.10
CHEMBL6497,Cc1cn(C2CC(O)C(CO)O2)c(=O)[nH]c1=O,C10H14N2O5,242.23
CHEMBL6544,Nc1nc(N)c2nc(Sc3ccc(Cl)c(Cl)c3)cnc2n1,C12H8Cl2N6S,339.21
CHEMBL6468,CN(C)c1cccc2c(S(=O)(=O)Nc3ncccn3)cccc12,C16H16N4O2S,328.40
CHEMBL6676,C#CCN(Cc1ccc2nc(C)nc(O)c2c1)c1ccc(C(=O)N[C@H](CCC(=O)O)C(=O)O)cc1,C25H24N4O6,476.49
CHEMBL268855,CN(C)c1cccc2c(S(=O)(=O)Nc3ccccn3)cccc12,C17H17N3O2S,327.41
CHEMBL6327,CC/C(=C(\c1ccc(I)cc1)c1ccc(OCCCCCN(C)C)cc1)c1ccccc1,C29H34INO,539.50
CHEMBL263881,CCN(CC)C(=O)[C@@H]1C=C2c3cccc4[nH]cc(c34)C[C@H]2N(C)C1,C20H25N3O,323.44
CHEMBL415104,C#CCN(Cc1ccc2nc(C)nc(O)c2c1)c1ccc(C(=O)N[C@H](Cc2ccccc2)C(=O)O)cc1,C29H26N4O4,494.55
CHEMBL6271,C#CCN(Cc1cc2c(O)nc(C)nc2cc1C)c1ccc(C(=O)N[C@@H](C(=O)O)c2cccc([N+](=O)[O-])c2)c(F)c1,C29H24FN5O6,557.54
CHEMBL6631,COc1ccc(Sc2cnc3nc(N)nc(N)c3n2)cc1,C13H12N6OS,300.35
CHEMBL11,CN(C)CCCN1c2ccccc2CCc2ccccc21,C19H24N2,280.42
CHEMBL6496,C#CCN(Cc1ccc2nc(C)nc(O)c2c1)c1ccc(C(=O)NCc2cncs2)cc1,C24H21N5O2S,443.53
CHEMBL6481,CCCCNC(=O)COC1CCN(c2nc(N)c3cc(OC)c(OC)cc3n2)CC1,C21H31N5O4,417.51
CHEMBL6482,CCCCN1CCN2CC(c3ccccc3)c3ccccc3C2C1,C22H28N2,320.48
CHEMBL414182,CN(C)CC1NCC(c2ccccc2)c2ccccc21,C18H22N2,266.39
CHEMBL6603,CCNCC1NCC(c2ccccc2)c2ccccc21,C18H22N2,266.39
CHEMBL6590,C#CCN(Cc1ccc2nc(C)nc(O)c2c1)c1ccc(C(=O)NCc2ccoc2)cc1,C25H22N4O3,426.48
CHEMBL264097,C#CCN(Cc1ccc2nc(C)nc(O)c2c1)c1ccc(C(=O)NCc2ccco2)cc1,C25H22N4O3,426.48
CHEMBL6816,O=C1Nc2ccccc2C12OCCO2,C10H9NO3,191.19
CHEMBL267427,Cc1c(C)c2c(c(C)c1O)C(CN(C)CCOc1ccc(CC3SC(=O)NC3=O)cc1)C(C)(C)O2,C27H34N2O5S,498.65
CHEMBL6609,CCOC(=O)c1ccc(N/C(S)=N/c2ccc3c(c2)C(C)(C)CC(C)(C)S3)cc1,C23H28N2O2S2,428.62
CHEMBL6502,COC(=O)CC/C=C\CC[C@H]1C(=O)C[C@@H](O)[C@@H]1/C=C/CC(C)(O)CCC1CCC1,C24H38O5,406.56
CHEMBL6504,C/C=C(/C)C(=O)O[C@@]12C[C@@H](C)[C@]3(O)C4C=C(C)C(=O)[C@@]4(O)CC(COC(C)=O)=C[C@H]3[C@@H]1C2(C)C,C27H36O7,472.58
CHEMBL6581,NC(=O)c1cc(-c2ccncc2)cnc1Cl,C11H8ClN3O,233.66
CHEMBL406,CC1Cc2ccccc2N1NC(=O)c1ccc(Cl)c(S(N)(=O)=O)c1,C16H16ClN3O3S,365.84
CHEMBL267704,,C20H15B2F9N4Pt+4,699.05
CHEMBL269773,Cc1c(C)c2c(c(C)c1O)C(CN(C)CCOc1ccc(/C=C3\SC(=O)NC3=O)cc1)C(C)(C)O2,C27H32N2O5S,496.63
CHEMBL267190,COC(=O)CC/C=C\CC[C@H]1C(=O)C[C@@H](O)[C@@H]1/C=C/CC(C)(O)CCC1CC1,C23H36O5,392.54
CHEMBL268626,CCCOC(=O)c1ncn2c1CN(C)C(=O)c1sccc1-2,C14H15N3O3S,305.36
CHEMBL6595,Cc1cc(CCCCCOc2ccc(-c3nc(C)c(C)o3)cc2)on1,C20H24N2O3,340.42
CHEMBL6580,CN1C(=O)C2(OCCO2)c2ccccc21,C11H11NO3,205.21
CHEMBL6460,O=C1N(CN2CCOCC2)c2ccccc2C12OCCO2,C15H18N2O4,290.32
CHEMBL6559,CCCC(=O)N(CCC)NC(=O)[C@H]1CCCN1C(=O)[C@@H](NC(=O)[C@@H](NC(=O)[C@H](CC(=O)O)NC(=O)[C@H](CCC(=O)O)NC(=O)[C@@H](NC(=O)[C@H](CC(=O)O)NC(C)=O)[C@@H](C)O)C(C)C)C(C)C,C41H67N9O16,942.03
CHEMBL266539,CCCN(NC(=O)[C@H]1CCCN1C(=O)[C@@H](NC(=O)[C@@H](NC(=O)[C@H](CC(=O)O)NC(=O)[C@H](CCC(=O)O)NC(=O)[C@@H](NC(=O)[C@H](CC(=O)O)NC(C)=O)[C@@H](C)O)C(C)C)C(C)C)C(=O)CC,C40H65N9O16,928.01
CHEMBL414009,CCCN(NC(=O)[C@H]1CCCN1C(=O)[C@@H](NC(=O)[C@@H](NC(=O)[C@H](CC(=O)O)NC(=O)[C@H](CCC(=O)O)NC(=O)[C@@H](NC(=O)[C@H](CC(=O)O)NC(C)=O)[C@@H](C)O)C(C)C)C(C)C)C(C)=O,C39H63N9O16,913.98
CHEMBL6500,CCOC(=O)c1ccc(NC(=O)Nc2cc3c(cc2C)SC(C)(C)CC3(C)C)cc1,C24H30N2O3S,426.58
CHEMBL6499,Cc1cc2c(cc1/N=C(\S)Nc1ccc(S(N)(=O)=O)cc1)C(C)(C)CC(C)(C)S2,C21H27N3O2S3,449.67
CHEMBL6424,COc1cc2nc(N3CCC(C(=O)NCCc4ccccc4)CC3)nc(N)c2cc1OC,C24H29N5O3,435.53
CHEMBL6474,COc1cc2nc(N3CCC(C(=O)NCc4ccccc4)CC3)nc(N)c2cc1OC,C23H27N5O3,421.50
CHEMBL415290,CCOC(=O)c1ncn2c1CN(C)C(=O)c1cc(Cl)ccc1-2,C15H14ClN3O3,319.75
CHEMBL407,CCOC(=O)c1ncn2c1CN(C)C(=O)c1cc(F)ccc1-2,C15H14FN3O3,303.29
CHEMBL6484,NC(=O)c1cc(-c2ccccc2)nnc1Cl,C11H8ClN3O,233.66
CHEMBL6507,CCCN(NC(=O)[C@H]1CCCN1C(=O)[C@@H](NC(=O)[C@@H](NC(=O)[C@H](CC(=O)O)NC(=O)[C@H](CCC(=O)O)NC(=O)[C@@H](NC(=O)[C@H](CC(=O)O)NC(C)=O)[C@@H](C)O)C(C)C)C(C)C)C(=O)C(F)(F)F,C39H60F3N9O16,967.95
CHEMBL428313,CCCN(NC(=O)[C@H]1CCCN1C(=O)[C@@H](NC(=O)[C@@H](NC(=O)[C@H](CC(=O)O)NC(=O)[C@H](CCC(=O)O)NC(=O)[C@@H](NC(=O)[C@H](CC(=O)O)NC(C)=O)[C@@H](C)O)C(C)C)C(C)C)S(=O)(=O)CCl,C38H62ClN9O17S,984.48
CHEMBL439178,CCCN(NC(=O)[C@H]1CCCN1C(=O)[C@@H](NC(=O)[C@@H](NC(=O)[C@H](CC(=O)O)NC(=O)[C@H](CCC(=O)O)NC(=O)[C@@H](NC(=O)[C@H](CC(=O)O)NC(C)=O)[C@@H](C)O)C(C)C)C(C)C)C(=O)N[C@@H](CO)C(=O)N[C@@H](CCSC)C(=O)N[C@@H](CO)C(=O)N[C@@H](Cc1ccc(O)cc1)C(=O)N[C@H](C(=O)N[C@@H](Cc1c[nH]c2ccccc12)C(=O)N[C@H](C(=O)NCC(=O)N[C@@H](CCCCN)C(=O)O)[C@@H](C)O)[C@@H](C)O,C85H128N20O31S,1958.13
CHEMBL266541,O=C1N(CN2CCCC2)c2ccccc2C12OCCO2,C15H18N2O3,274.32
CHEMBL6614,,C22H21B2F8N5Pt+4,724.13
CHEMBL6554,COc1cc2c(cc1C)CC(N)C2,C11H15NO,177.25
CHEMBL265669,C#CCN(Cc1ccc2nc(C)nc(O)c2c1)c1ccc(C(=O)N[C@@H](C(=O)O)c2ccc(F)cc2)cc1,C28H23FN4O4,498.51
CHEMBL6498,C#CCN(Cc1ccc2nc(C)nc(O)c2c1)c1ccc(C(=O)NC)cc1,C21H20N4O2,360.42
CHEMBL6630,CN(C)c1cccc2c(S(=O)(=O)Nc3ncc(Br)cn3)cccc12,C16H15BrN4O2S,407.29
CHEMBL266086,CC/C(=C(\c1ccc(I)cc1)c1ccc(OCCCN(C)C)cc1)c1ccccc1,C27H30INO,511.45
CHEMBL6486,CCOC(=O)CNC(=O)c1cc(-c2ccncc2)nnc1Cl,C14H13ClN4O3,320.74
CHEMBL6487,O=C(NCc1ccc(Cl)cc1Cl)c1cc(-c2ccncc2)nnc1Cl,C17H11Cl3N4O,393.66
CHEMBL269368,COc1cccc(-c2ccc(N3CC(CNC(C)=O)OC3=O)cc2)cc1=O,C20H20N2O5,368.39
CHEMBL415108,C/C=C(/C)C(=O)O[C@@]12C[C@@H](C)[C@]3(O)C4C=C(C)C(=O)[C@@]4(O)CC(CO)=C[C@H]3[C@@H]1C2(C)C,C25H34O6,430.54
CHEMBL414772,CCCN(NC(=O)[C@H]1CCCN1C(=O)[C@@H](NC(=O)[C@@H](NC(=O)[C@H](CC(=O)O)NC(=O)[C@H](CCC(=O)O)NC(=O)[C@@H](NC(=O)[C@@H](N)CC(=O)O)[C@@H](C)O)C(C)C)C(C)C)C(=O)N[C@@H](CO)C(=O)N[C@@H](CCSC)C(=O)N[C@@H](CO)C(=O)N[C@@H](Cc1ccc(O)cc1)C(=O)N[C@H](C(=O)N[C@@H](Cc1c[nH]c2ccccc12)C(=O)N[C@H](C(=O)NCC(=O)N[C@@H](CCCCN)C(=O)O)[C@@H](C)O)[C@@H](C)O,C83H126N20O30S,1916.10
CHEMBL6520,CCCN(NC(=O)[C@H]1CCCN1C(=O)[C@@H](NC(=O)[C@@H](NC(C)=O)C(C)C)C(C)C)C(=O)Oc1ccc([N+](=O)[O-])cc1,C27H40N6O8,576.65
CHEMBL6360,CCCN(NC(=O)[C@H]1CCCN1C(=O)[C@@H](NC(=O)[C@@H](NC(=O)[C@H](CC(=O)O)NC(C)=O)C(C)C)C(C)C)C(=O)Oc1ccc([N+](=O)[O-])cc1,C31H45N7O11,691.74
CHEMBL415105,C#CCN(Cc1ccc2nc(C)nc(O)c2c1)c1ccc(C(=O)Nc2ccccc2)cc1,C26H22N4O2,422.49
CHEMBL6545,O=C1Nc2ccc(Cl)cc2C12OCCO2,C10H8ClNO3,225.63
CHEMBL6546,O=C1N(Cc2ccccc2)c2ccccc2C12OCCO2,C17H15NO3,281.31
CHEMBL6395,Cc1ccc2c(c1)C1(OCCO1)C(=O)N2,C11H11NO3,205.21
CHEMBL6444,Cc1cc(CCCCCOc2ccc(C3=NCCO3)cc2Cl)on1,C18H21ClN2O3,348.83
CHEMBL266800,Cc1cc(CCCCCOc2ccc(C3=NCCO3)cc2)on1,C18H22N2O3,314.39
CHEMBL269304,C=C(C)[C@]12C[C@@H](C)[C@@]34OC(Cc5ccccc5)(O[C@@H]1C3C=C(CO)C[C@]1(O)C(=O)C(C)=CC41)O2,C28H32O6,464.56
CHEMBL6448,OCCOCOCc1cc(CCCCCOc2c(Cl)cc(C3=NCCO3)cc2Cl)on1,C21H26Cl2N2O6,473.35
CHEMBL6571,CCN(CCOc1ccc(/C=C2\SC(=O)NC2=O)cc1)CC1(C)CCc2c(C)c(O)c(C)c(C)c2O1,C28H34N2O5S,510.66
CHEMBL268388,Nc1nc(N)c2nc(Sc3cccc4ccccc34)cnc2n1,C16H12N6S,320.38
CHEMBL269572,Cc1c(C)c2c(c(C)c1O)C(COc1ccc(CC3SC(=O)NC3=O)cc1)C(C)(C)O2,C24H27NO5S,441.55
CHEMBL408,Cc1c(C)c2c(c(C)c1O)CCC(C)(COc1ccc(CC3SC(=O)NC3=O)cc1)O2,C24H27NO5S,441.55
CHEMBL414008,CCN(NC(=O)[C@H]1CCCN1C(=O)[C@@H](NC(=O)[C@@H](NC(=O)[C@H](CC(=O)O)NC(=O)[C@H](CCC(=O)O)NC(=O)[C@@H](NC(=O)[C@H](CC(=O)O)NC(C)=O)[C@@H](C)O)C(C)C)C(C)C)C(=O)OC(Cl)C(Cl)(Cl)Cl,C39H59Cl4N9O17,1067.76
CHEMBL438993,CCN(NC(=O)[C@H]1CCCN1C(=O)[C@@H](NC(=O)[C@@H](NC(=O)[C@H](CC(=O)O)NC(=O)[C@H](CCC(=O)O)NC(=O)[C@@H](NC(=O)[C@H](CC(=O)O)NC(C)=O)[C@@H](C)O)C(C)C)C(C)C)C(=O)Oc1ccc([N+](=O)[O-])cc1,C43H62N10O19,1023.02
CHEMBL6594,Cc1cc(CCCCCOc2c(Cl)cc(C3=NCCO3)cc2Cl)on1,C18H20Cl2N2O3,383.28
CHEMBL6418,COC(=O)CC/C=C\CC[C@H]1C(=O)C[C@@H](O)[C@@H]1/C=C/CC(C)(O)CCC1CCCCC1,C26H42O5,434.62
CHEMBL268412,Cc1cc(-c2nnn(C)n2)cc(C)c1OCCCCCc1cc(COCOCCO)no1,C22H31N5O5,445.52
CHEMBL6747,CCN1CCN2CC(c3ccccc3)c3ccccc3C2C1,C20H24N2,292.43
CHEMBL6455,CN1CCN2CC(c3ccc(N)cc3)c3ccccc3C2C1,C19H23N3,293.41
CHEMBL540195,CN1CCN2CC(c3ccc(O)cc3)c3ccccc3C2C1,C19H22N2O,294.40
CHEMBL6623,Clc1ccc(C2CC3CCC2N3)cn1,C11H13ClN2,208.69
CHEMBL6610,COc1cc2nc(N3CCC(C(=O)N4CCOCC4)CC3)nc(N)c2cc1OC,C20H27N5O4,401.47
CHEMBL6435,COC(=O)CC/C=C\CC[C@H]1C(=O)C[C@@H](O)[C@@H]1/C=C/CC(C)(O)CCC1CCCCCC1,C27H44O5,448.64
CHEMBL6688,,C21H17B2BrF8N4Pt+4,773.99
CHEMBL6445,c1ccc(C2CN3CCNCC3c3ccccc32)cc1,C18H20N2,264.37
CHEMBL6519,C=CCNc1ccc(-c2ccc(N3CC(CNC(C)=O)OC3=O)cc2)ccc1=O,C22H23N3O4,393.44
CHEMBL265410,C#CCN(Cc1ccc2nc(C)nc(O)c2c1)c1ccc(C(=O)NCCC)cc1,C23H24N4O2,388.47
CHEMBL266065,C#CCN(Cc1ccc2nc(C)nc(O)c2c1)c1ccc(C(=O)NCc2ccccc2[N+](=O)[O-])cc1,C27H23N5O4,481.51
CHEMBL6763,,C20H15B2BrF8N4Pt+4,759.96
CHEMBL6551,O=C(NCc1ccccc1)c1cc(-c2ccncc2)nnc1Cl,C17H13ClN4O,324.77
CHEMBL269004,CCCN(CCC)[C@H]1CCc2c(O)cccc2C1,C16H25NO,247.38
CHEMBL6476,COc1ccc(-c2ccc(N3CC(CNC(C)=O)OC3=O)cc2)ccc1=O,C20H20N2O5,368.39
CHEMBL266430,Cc1cc(O)nc2cc(N)ccc12,C10H10N2O,174.20
CHEMBL6703,Cc1cc(O)nc2cc(O)ccc12,C10H9NO2,175.19
CHEMBL6608,COc1cccc2c1C(=O)c1c(O)c3c(c(O)c1C2=O)C[C@@](O)(C(=O)CO)C[C@@H]3OC1CC(N)C(O)C(C)O1,C27H29NO11,543.53
CHEMBL269573,Cc1cc(=O)n(C(=O)OC(C)(C)C)c2c3c(ccc12)OC(C)(C)[C@H](O)[C@@H]3O,C20H25NO6,375.42
CHEMBL6392,Cc1cc(O)nc2c3c(ccc12)OC(C)(C)C=C3,C15H15NO2,241.29
CHEMBL6393,c1ccc2c(c1)cc1n2CCNC1,C11H12N2,172.23
CHEMBL6385,COc1ccc2cc3n(c2c1)CCNC3,C12H14N2O,202.26
CHEMBL269073,COc1ccc2c(c1)cc1n2CCNC1,C12H14N2O,202.26
CHEMBL6503,c1ccc2c(c1)nc1n2CCNC1,C10H11N3,173.22
CHEMBL266957,Cc1cc(=O)n(C(=O)OC(C)(C)C)c2c3c(ccc12)OC(C)(C)C=C3,C20H23NO4,341.41
CHEMBL6641,Cc1cc(CCCCCCCOc2ccc(C3=NC(C)CO3)cc2)on1,C21H28N2O3,356.47
CHEMBL268339,CN(C)c1cccc2c(S(=O)(=O)Nc3cnc(Br)cn3)cccc12,C16H15BrN4O2S,407.29
CHEMBL6618,Nc1nc(N)c2nc(Sc3ccc4ccccc4c3)cnc2n1,C16H12N6S,320.38
CHEMBL6619,Oc1ccc(C(=C2CCCCC2)c2ccc(O)cc2)cc1,C19H20O2,280.37
CHEMBL269003,C/C(=C(/C)c1ccc(O)cc1)c1ccc(O)cc1,C16H16O2,240.30
CHEMBL6413,Oc1ccc(C(=C(C(F)(F)F)C(F)(F)F)c2ccccc2)cc1,C16H10F6O,332.24
CHEMBL6414,CN(C)c1cccc2c(S(=O)(=O)Nc3cccnc3)cccc12,C17H17N3O2S,327.41
CHEMBL415106,Cc1cc(Cl)nnc1NS(=O)(=O)c1cccc2c(N(C)C)cccc12,C17H17ClN4O2S,376.87
CHEMBL404505,c1ccc2oc(C3=NCCN3)cc2c1,C11H10N2O,186.21
CHEMBL6465,Nc1nc(N)c2nc(Sc3cc(Cl)c(Cl)cc3Cl)cnc2n1,C12H7Cl3N6S,373.66
CHEMBL267191,COC(=O)Nc1ccc(C2CC3CCC2N3)cn1,C13H17N3O2,247.30
CHEMBL6489,Clc1ncc(C2CC3CCC2N3)cn1,C10H12ClN3,209.68
CHEMBL6843,CCC1CCNc2cc3oc(=O)cc(C(F)(F)F)c3cc21,C15H14F3NO2,297.28
CHEMBL409,CC(O)(CS(=O)(=O)c1ccc(F)cc1)C(=O)Nc1ccc(C#N)c(C(F)(F)F)c1,C18H14F4N2O4S,430.38
CHEMBL269099,,C21H17B2ClF8N4Pt+4,729.53
CHEMBL266659,CCOC(=O)c1ccc(NC(=O)Nc2ccc3c(c2)C(C)(C)CC(C)(C)S3)cc1,C23H28N2O3S,412.56
CHEMBL12,CN1C(=O)CN=C(c2ccccc2)c2cc(Cl)ccc21,C16H13ClN2O,284.75
CHEMBL268176,O=C(CCl)Nc1ccc(C2CC3CCC2N3)cn1,C13H16ClN3O,265.74
CHEMBL6778,CN(C)c1cccc2c(S(=O)(=O)Nc3ccc(Cl)cc3)cccc12,C18H17ClN2O2S,360.87
CHEMBL6462,CC(=O)NC[C@H]1CN(c2ccc(C(C)=O)cc2)C(=O)O1,C14H16N2O4,276.29
CHEMBL268454,NC(=O)c1cc(-c2ccc(Br)cc2)nnc1Cl,C11H7BrClN3O,312.55
CHEMBL6524,CC1(C)CC(C)(C)c2cc(N/C(S)=N/c3ccc(S(N)(=O)=O)cc3)ccc2S1,C20H25N3O2S3,435.64
CHEMBL6521,NC(=O)c1cc(-c2ccc(NS(=O)(=O)c3ccccc3)cc2)nnc1Cl,C17H13ClN4O3S,388.84
CHEMBL6597,CCOC(=O)c1ncn2c1CN(C)C(=O)c1cc(N=[N+]=[N-])ccc1-2,C15H14N6O3,326.32
CHEMBL6421,CN1Cc2c(C(=O)OC(C)(C)C)ncn2-c2ccc(N=[N+]=[N-])cc2C1=O,C17H18N6O3,354.37
CHEMBL266277,CN(C)c1cccc2c(S(=O)(=O)Nc3ccc(Br)nc3)cccc12,C17H16BrN3O2S,406.31
CHEMBL6553,CN(C)c1cccc2c(S(=O)(=O)Nc3cnc(Cl)cn3)cccc12,C16H15ClN4O2S,362.84
CHEMBL6582,NC(=O)c1cc(-c2ccc(Cl)cc2)nnc1Cl,C11H7Cl2N3O,268.10
CHEMBL6423,NC(=O)c1cc(-c2ccc(F)c(Cl)c2)nnc1Cl,C11H6Cl2FN3O,286.09
CHEMBL6790,Oc1ccc(/C(=C(/c2ccc(O)cc2)C(F)(F)F)C(F)(F)F)cc1,C16H10F6O2,348.24
CHEMBL216130,CCCN(NC(=O)[C@H]1CCCN1C(=O)[C@@H](NC(=O)[C@@H](NC(=O)[C@H](CC(=O)O)NC(=O)[C@H](CCC(=O)O)NC(=O)[C@@H](NC(=O)[C@H](CC(=O)O)NC(C)=O)[C@@H](C)O)C(C)C)C(C)C)C(=O)c1cc([N+](=O)[O-])cc([N+](=O)[O-])c1,C44H63N11O20,1066.04
CHEMBL441890,CCCN(NC(=O)[C@H]1CCCN1C(=O)[C@@H](NC(=O)[C@@H](NC(=O)[C@H](CC(=O)O)NC(=O)[C@H](CCC(=O)O)NC(C)=O)C(C)C)C(C)C)C(=O)N[C@@H](CO)C(=O)N[C@@H](CCSC)C(=O)N[C@@H](CO)C(N)=O,C41H69N11O16S,1004.13
CHEMBL6538,COc1ccc(-c2cc(C(N)=O)c(Cl)nn2)cc1,C12H10ClN3O2,263.68
CHEMBL269599,CS(=O)(=O)c1c(F)cc(-c2cc(C(N)=O)c(Cl)nn2)cc1F,C12H8ClF2N3O3S,347.73
CHEMBL6415,O=C1NCCN(c2cccnc2)N1,C8H10N4O,178.20
CHEMBL6473,CNC(=O)c1cc(-c2ccncc2)nnc1Cl,C11H9ClN4O,248.67
CHEMBL268455,CN(C)C(=O)c1cc(-c2ccncc2)nnc1Cl,C12H11ClN4O,262.70
CHEMBL6475,N#Cc1cc(-c2ccncc2)nnc1Cl,C10H5ClN4,216.63
CHEMBL6583,Cc1cnc(NS(=O)(=O)c2cccc3c(N(C)C)cccc23)cn1,C17H18N4O2S,342.42
CHEMBL6584,CN(C)/C=N\c1nc(/N=C/N(C)C)nc2ncc(Sc3ccc(Cl)c(Cl)c3)nc12,C18H18Cl2N8S,449.37
CHEMBL6422,COC(=O)CC/C=C\CC[C@H]1C(=O)C[C@@H](O)[C@@H]1/C=C/CC(C)(O)CCC1CCCC1,C25H40O5,420.59
CHEMBL428159,COc1cc(-c2ccc(N3CC(CNC(C)=O)OC3=O)cc2)cccc1=O,C20H20N2O5,368.39
CHEMBL406172,CCCN(NC(=O)[C@H]1CCCN1C(=O)[C@@H](NC(=O)[C@@H](NC(=O)[C@H](CC(=O)O)NC(=O)[C@H](CCC(=O)O)NC(C)=O)C(C)C)C(C)C)C(=O)N[C@@H](CO)C(=O)N[C@@H](CCSC)C(=O)N[C@@H](CO)C(=O)N[C@@H](Cc1ccc(O)cc1)C(=O)N[C@H](C(=O)N[C@@H](Cc1c[nH]c2ccccc12)C(=O)N[C@H](C(=O)NCC(=O)N[C@@H](CCCCN)C(=O)O)[C@@H](C)O)[C@@H](C)O,C77H116N18O26S,1741.94
CHEMBL267165,CCCCC(=O)N(CCC)NC(=O)[C@H]1CCCN1C(=O)[C@@H](NC(=O)[C@@H](NC(=O)[C@H](CC(=O)O)NC(=O)[C@H](CCC(=O)O)NC(=O)[C@@H](NC(=O)[C@H](CC(=O)O)NC(C)=O)[C@@H](C)O)C(C)C)C(C)C,C42H69N9O16,956.06
CHEMBL384261,CCCN(NC(=O)[C@H]1CCCN1C(=O)[C@@H](NC(=O)[C@@H](NC(=O)[C@H](CC(=O)O)NC(=O)[C@H](CCC(=O)O)NC(=O)[C@@H](NC(=O)[C@H](CC(=O)O)NC(C)=O)[C@@H](C)O)C(C)C)C(C)C)C(=O)c1ccc([N+](=O)[O-])cc1,C44H64N10O18,1021.05
CHEMBL267166,CCCN(NC(=O)[C@H]1CCCN1C(=O)[C@@H](NC(=O)[C@@H](NC(=O)[C@H](CC(=O)O)NC(=O)[C@H](CCC(=O)O)NC(=O)[C@@H](NC(=O)[C@H](CC(=O)O)NC(C)=O)[C@@H](C)O)C(C)C)C(C)C)C(=O)C(=O)OCC,C41H65N9O18,972.02
CHEMBL6679,CCCN(NC(=O)[C@H]1CCCN1C(=O)[C@@H](NC(=O)[C@@H](NC(=O)[C@H](CC(=O)O)NC(=O)[C@H](CCC(=O)O)NC(=O)[C@@H](NC(=O)[C@H](CC(=O)O)NC(C)=O)[C@@H](C)O)C(C)C)C(C)C)C(=O)CBr,C39H62BrN9O16,992.88
CHEMBL6660,Cc1cc(NS(=O)(=O)c2cccc3c(N(C)C)cccc23)nnc1Cl,C17H17ClN4O2S,376.87
CHEMBL6651,O=C1Nc2cccc(Cl)c2C12OCCO2,C10H8ClNO3,225.63
CHEMBL6652,O=C1Nc2ccc([N+](=O)[O-])cc2C12OCCO2,C10H8N2O5,236.18
CHEMBL266661,CCOC(=O)c1cc(-c2ccncc2)nnc1Cl,C12H10ClN3O2,263.68
CHEMBL267399,c1ccc2c3c([nH]c2c1)C1=NCCN1CC3,C13H13N3,211.27
CHEMBL6766,CCCNC(=O)CC1CCN(c2nc(N)c3cc(OC)c(OC)cc3n2)CC1,C20H29N5O3,387.48
CHEMBL268116,Cc1cc(Br)cnc1NS(=O)(=O)c1cccc2c(N(C)C)cccc12,C18H18BrN3O2S,420.33
CHEMBL6729,CC(=O)NCC1CN(c2ccc(-c3ccc(N4CCOCC4)c(=O)cc3)cc2)C(=O)O1,C23H25N3O5,423.47
CHEMBL7042,,C21H17B2F9N4Pt+4,713.08
CHEMBL6918,C=CCOc1ccc(-c2ccc(N3CC(CNC(C)=O)OC3=O)cc2)ccc1=O,C22H22N2O5,394.43
CHEMBL7086,NC(=O)c1cnnc(-c2ccncc2)c1,C10H8N4O,200.20
CHEMBL6930,COc1nnc(-c2ccncc2)cc1C(N)=O,C11H10N4O2,230.23
CHEMBL7019,CN(C)c1cccc2c(S(=O)(=O)Nc3cnc(Br)nc3)cccc12,C16H15BrN4O2S,407.29
CHEMBL415292,CN(C)c1cccc2c(S(=O)(=O)Nc3ccc(Cl)nc3)cccc12,C17H16ClN3O2S,361.85
CHEMBL6720,O=C1Nc2ccc(Br)cc2C12OCCO2,C10H8BrNO3,270.08
CHEMBL6792,C#CCNc1cccc(-c2ccc(N3CC(CNC(C)=O)OC3=O)cc2)cc1=O,C22H21N3O4,391.43
CHEMBL6791,NC(=O)c1cc(-c2ccc(C(F)(F)F)cc2)nnc1Cl,C12H7ClF3N3O,301.65
CHEMBL7022,Clc1nc2ccccc2nc1N1CCNCC1,C12H13ClN4,248.72
CHEMBL6813,CCC1CCN=C(N)C1,C7H14N2,126.20
CHEMBL6757,,C21H18B2F8N4Pt+4,695.09
CHEMBL6739,,C25H27B2F8N5O2Pt+4,798.21
CHEMBL266979,CCCCC(C)(O)C/C=C/[C@H]1[C@H](O)CC(=O)[C@@H]1CC/C=C\CCC(=O)OC,C22H36O5,380.53
CHEMBL268311,COC1(OC)C(=O)Nc2ccccc21,C10H11NO3,193.20
CHEMBL266544,O=C1Nc2ccccc2C12OCC(CCl)O2,C11H10ClNO3,239.66
CHEMBL441330,,C24H25B2F8N5OPt+4,768.18
CHEMBL266471,,C27H21B2BrF8N4Pt+4,850.08
CHEMBL6811,,C28H24B2F8N4Pt+4,785.21
CHEMBL7131,CC(C)CC(=O)C(=O)N1CCCCC1C(=O)OCCS(=O)(=O)c1ccccc1,C20H27NO6S,409.50
CHEMBL6945,COc1c2occc2c(COCCC[N+](C)(C)C)c2ccc(=O)oc12.[Br-],C19H24BrNO5,346.40
CHEMBL6946,Nc1ccc(S(=O)(=O)Nc2ccccc2S(N)(=O)=O)cc1,C12H13N3O4S2,327.39
CHEMBL7020,Fc1ccc2nc(N3CCNCC3)cnc2c1,C12H13FN4,232.26
CHEMBL441329,COc1cccc2nc(N3CCNCC3)cnc12,C13H16N4O,244.30
CHEMBL217439,CCCN(NC(=O)[C@H]1CCCN1C(=O)[C@@H](NC(=O)[C@@H](NC(=O)[C@H](CC(=O)O)NC(=O)[C@H](CCC(=O)O)NC(=O)[C@@H](NC(=O)[C@H](CC(=O)O)NC(C)=O)[C@@H](C)O)C(C)C)C(C)C)C(=O)c1ccc(C#N)cc1,C45H64N10O16,1001.06
CHEMBL263697,CCCN(NC(=O)[C@H]1CCCN1C(=O)[C@@H](NC(=O)[C@@H](NC(=O)[C@H](CC(=O)O)NC(=O)[C@H](CCC(=O)O)NC(=O)[C@@H](NC(=O)[C@H](CC(=O)O)NC(C)=O)[C@@H](C)O)C(C)C)C(C)C)C(=O)c1c(F)c(F)c(F)c(F)c1F,C44H60F5N9O16,1066.00
CHEMBL413721,CCCN(NC(=O)[C@H]1CCCN1C(=O)[C@@H](NC(=O)[C@@H](NC(=O)[C@H](CC(=O)O)NC(=O)[C@H](CCC(=O)O)NC(=O)[C@@H](NC(=O)[C@H](CC(=O)O)NC(C)=O)[C@@H](C)O)C(C)C)C(C)C)C(=O)c1cc(C(F)(F)F)cc(C(F)(F)F)c1,C46H63F6N9O16,1112.04
CHEMBL13,COCCc1ccc(OCC(O)CNC(C)C)cc1,C15H25NO3,267.37
CHEMBL266473,CCC1CCc2cc3c(C(F)(F)F)cc(=O)oc3cc2N1,C15H14F3NO2,297.28
CHEMBL7289,CC1(C)CCc2cc3c(C(F)(F)F)cc(=O)oc3cc2N1,C15H14F3NO2,297.28
CHEMBL266359,O=C1N(CN2CCOCC2)c2ccccc2C12SCCS2,C15H18N2O2S2,322.46
CHEMBL6378,CC1c2ccccc2CN1NC(=O)c1ccc(Cl)c(S(N)(=O)=O)c1,C16H16ClN3O3S,365.84
CHEMBL6379,O=c1ccc2cc3ccoc3c(OCCO)c2o1,C13H10O5,246.22
CHEMBL6701,COc1c2occc2c(CN2CCCCC2)c2ccc(=O)oc12.Cl,C18H20ClNO4,313.35
CHEMBL6648,NS(=O)(=O)c1cccc2ccccc12,C10H9NO2S,207.25
CHEMBL6456,Oc1ccc(/C(=C(/c2ccccc2)C(F)(F)F)C(F)(F)F)cc1,C16H10F6O,332.24
CHEMBL268098,O=c1cc(C(F)(F)F)c2cc3c(cc2o1)NCCC3,C13H10F3NO2,269.22
CHEMBL7087,NCCc1ccc(S(N)(=O)=O)cc1,C8H12N2O2S,200.26
CHEMBL6888,Clc1ccc2nc(N3CCNCC3)c(Sc3ccccc3)nc2c1,C18H17ClN4S,356.88
CHEMBL6977,NS(=O)(=O)c1cc(C(=O)NN2Cc3ccccc3C2CO)ccc1Cl,C16H16ClN3O4S,381.84
CHEMBL267142,N#Cc1ccc(-c2cc(C(N)=O)c(Cl)nn2)cc1,C12H7ClN4O,258.67
CHEMBL266980,CN1CCCCC1=N,C6H12N2,112.18
CHEMBL269560,NC1=NC(CC2CCCCC2)CCC1,C12H22N2,194.32
CHEMBL6875,NC1=NC(Cc2ccccc2)CCC1,C12H16N2,188.27
CHEMBL6876,CCC(c1ccc(O)cc1)C(CCBr)c1ccc(O)cc1,C18H21BrO2,349.27
CHEMBL267270,O=c1cc(C(F)(F)F)c2cc3c(cc2o1)NCCC3C(F)(F)F,C14H9F6NO2,337.22
CHEMBL6805,Cc1c(-c2ccc(Cl)cc2)nnc(Cl)c1C(N)=O,C12H9Cl2N3O,282.13
CHEMBL6734,CSc1nnc(-c2ccncc2)cc1C(N)=O,C11H10N4OS,246.29
CHEMBL6824,Cc1cc(CCCCCCCOc2ccc(C3=NC(C)(C)CO3)cc2)on1,C22H30N2O3,370.49
CHEMBL6825,CCOC(=O)c1ccc(N/C(S)=N/c2cc3c(cc2C)SC(C)(C)CC3(C)C)cc1,C24H30N2O2S2,442.65
CHEMBL216755,CCCN(NC(=O)[C@H]1CCCN1C(=O)[C@@H](NC(=O)[C@@H](NC(=O)[C@H](CC(=O)O)NC(=O)[C@H](CCC(=O)O)NC(=O)[C@@H](NC(=O)[C@H](CC(=O)O)NC(C)=O)[C@@H](C)O)C(C)C)C(C)C)C(=O)OC(Cl)C(Cl)(Cl)Cl,C40H61Cl4N9O17,1081.79
CHEMBL6751,CCCN(NC(=O)[C@H]1CCCN1C(=O)[C@@H](NC(=O)[C@@H](NC(=O)[C@H](CC(=O)O)NC(=O)[C@H](CCC(=O)O)NC(=O)[C@@H](NC(=O)[C@H](CC(=O)O)NC(C)=O)[C@@H](C)O)C(C)C)C(C)C)C(=O)OCC(Cl)(Cl)Cl,C40H62Cl3N9O17,1047.34
CHEMBL268628,CCCN(NC(=O)[C@H]1CCCN1C(=O)[C@@H](NC(=O)[C@@H](NC(=O)[C@H](CC(=O)O)NC(=O)[C@H](CCC(=O)O)NC(=O)[C@@H](NC(=O)[C@H](CC(=O)O)NC(C)=O)[C@@H](C)O)C(C)C)C(C)C)C(=O)CCl,C39H62ClN9O16,948.42
CHEMBL6396,Cc1cc(O)nc2c3c(ccc12)OC(C)(C)[C@H](OC(=O)C12CCC(C)(C(=O)O1)C2(C)C)[C@@H]3OC(=O)C12CCC(C)(C(=O)O1)C2(C)C,C35H41NO10,635.71
CHEMBL266928,O=c1cc(C(F)(F)F)c2cc3c(cc2o1)NCCC3C(F)(F)C(F)(F)F,C15H9F8NO2,387.23
CHEMBL262528,CCCN(NC(=O)[C@H]1CCCN1C(=O)[C@@H](NC(=O)[C@@H](NC(=O)[C@H](CC(=O)O)NC(=O)[C@H](CCC(=O)O)NC(=O)[C@@H](NC(=O)[C@H](CC(=O)O)NC(C)=O)[C@@H](C)O)C(C)C)C(C)C)C(=O)Oc1ccccc1,C44H65N9O17,992.05
CHEMBL6440,CN1Cc2c(C(=O)OCC3CC3)ncn2-c2ccc(Cl)cc2C1=O,C17H16ClN3O3,345.79
CHEMBL266195,C=CCc1ccccc1OCC(O)CNC(C)C,C15H23NO2,249.35
CHEMBL6441,CC1=CC(C)(C)Nc2cc3oc(=O)cc(C(F)(F)F)c3cc21,C16H14F3NO2,309.29
CHEMBL6530,CCC1CCN(C)c2cc3oc(=O)cc(C(F)(F)F)c3cc21,C16H16F3NO2,311.30
CHEMBL6529,Cc1ccc2nc(N3CCNCC3)cnc2c1,C13H16N4,228.30
CHEMBL6357,C#CCN(Cc1ccc2nc(C)nc(O)c2c1)c1ccc(C(=O)NCc2ccccn2)cc1,C26H23N5O2,437.50
CHEMBL269100,,C22H20B2F8N4OPt+4,725.12
CHEMBL6855,CCCC1CCNc2cc3oc(=O)cc(C(F)(F)F)c3cc21,C16H16F3NO2,311.30
CHEMBL6699,O=C(C(=O)N1CCCCC1C(=O)OCCS(=O)(=O)c1ccccc1)c1ccccc1,C22H23NO6S,429.49
CHEMBL6740,CC(C)(C)C(=O)C(=O)N1CCCCC1C(=O)OCCCc1cccnc1,C20H28N2O4,360.45
CHEMBL7055,N#Cc1ccc2nc(N3CCNCC3)cnc2c1,C13H13N5,239.28
CHEMBL7056,Fc1cccc2nc(N3CCNCC3)cnc12,C12H13FN4,232.26
CHEMBL266543,Clc1cccc2nc(N3CCNCC3)cnc12,C12H13ClN4,248.72
CHEMBL6850,C#CCN(Cc1ccc2nc(C)nc(O)c2c1)c1ccc(C(=O)NCc2cccc(C(=O)O)c2)cc1,C28H24N4O4,480.52
CHEMBL6847,NC(=O)c1cc(-c2ccncc2)nnc1Cl,C10H7ClN4O,234.65
CHEMBL266733,,C22H18B2F8N4OPt+4,723.10
CHEMBL6865,CC1=C(C(=O)OC(C)(C)C)N2C(=O)/C(=C\OC(=O)C(C)(C)C)[C@H]2S(=O)(=O)C1,C18H25NO7S,399.47
CHEMBL6820,CNC1C2CCC(C2)C1C,C9H17N,139.24
CHEMBL538393,CN(C)C1(C)C2CCC(C2)C1(C)C,C12H23N,181.32
CHEMBL6737,COc1ccc(OC)c(C[C@@H](C)N)c1,C11H17NO2,195.26
CHEMBL269153,FC(F)(F)c1ccc2nc(N3CCNCC3)c(Sc3ccccc3)nc2c1,C19H17F3N4S,390.43
CHEMBL6797,CC[N+](CC)(CC)Cc1c2ccoc2c(OC)c2oc(=O)ccc12.[Cl-],C19H24ClNO4,330.40
CHEMBL6513,,C20H15B2F9N4Pt+4,699.05
CHEMBL7006,,C18H15B2F8N5Pt+4,670.04
CHEMBL7074,Cc1cc([N+](=O)[O-])ccc1/N=C(\S)Nc1ccc2c(c1)C(C)(C)CC(C)(C)S2,C21H25N3O2S2,415.58
CHEMBL7075,CC1(C)CC(C)(C)c2cc(NC(=S)Nc3ccc([N+](=O)[O-])cc3)ccc2S1,C20H23N3O2S2,401.56
CHEMBL6907,C[C@H](N)Cc1c2ccoc2c(C(F)(F)F)c2ccoc12.Cl,C14H13ClF3NO2,283.25
CHEMBL6861,CC(C)OC(=O)c1ncn2c1CN(C)C(=O)c1cc(Cl)ccc1-2,C16H16ClN3O3,333.78
CHEMBL6862,CCCOC(=O)c1ncn2c1CN(C)C(=O)c1cc(Cl)ccc1-2,C16H16ClN3O3,333.78
CHEMBL7192,CCC(c1ccc(O)cc1)C(CCF)c1ccc(O)cc1,C18H21FO2,288.36
CHEMBL7203,CCC(c1ccc(O)cc1)C(CCCl)c1ccc(O)cc1,C18H21ClO2,304.82
CHEMBL7301,CC1=C(/C=C/C(C)=C/C=C/C(C)=C/C(=O)Nc2ccc(O)cc2)C(C)(C)CCC1,C26H33NO2,391.56
CHEMBL6834,CC1=CC2[C@@]3(O)[C@H](C)C[C@]4(OC(=O)CCCCCCC[C@H]5C[C@@H]5C)[C@H]([C@@H]3C(C)=C(CO)C[C@]2(O)C1=O)C4(C)C,C33H50O6,542.76
CHEMBL269703,CCC1COC(c2ccc(OCCCCCCCc3cc(C)no3)cc2)=N1,C22H30N2O3,370.49
CHEMBL6758,Cc1cc(=O)n(C(=O)OC(C)(C)C)c2c3c(ccc12)OC(C)(C)[C@H](OC(=O)C12CCC(C)(C(=O)O1)C2(C)C)[C@@H]3OC(=O)C12CCC(C)(C(=O)O1)C2(C)C,C40H49NO12,735.83
CHEMBL268653,Cc1c(O)nc2c3c(ccc2c1C)OC(C)(C)[C@H](OC(=O)C12CCC(C)(C(=O)O1)C2(C)C)[C@@H]3OC(=O)C12CCC(C)(C(=O)O1)C2(C)C,C36H43NO10,649.74
CHEMBL269559,CC1(C)Oc2ccc3ccc(=O)oc3c2[C@@H](OC(=O)C23CCC(C)(C(=O)O2)C3(C)C)[C@H]1OC(=O)C12CCC(C)(C(=O)O1)C2(C)C,C34H38O11,622.67
CHEMBL411,CC/C(=C(/CC)c1ccc(O)cc1)c1ccc(O)cc1,C18H20O2,268.36
CHEMBL6752,COC(=O)c1ncn2c1CN(C)C(=O)c1sccc1-2,C12H11N3O3S,277.31
CHEMBL268113,CC(C)CC(=O)C(=O)N1CCCCC1C(=O)OCCCc1cccnc1,C20H28N2O4,360.45
CHEMBL6714,O=C(C(=O)N1CCCCC1C(=O)OCCCc1cccnc1)c1ccccc1,C22H24N2O4,380.44
CHEMBL6654,CCC1Nc2cc3oc(=O)cc(C(F)(F)F)c3cc2CC1C,C16H16F3NO2,311.30
CHEMBL413262,CCCN(NC(=O)[C@H]1CCCN1C(=O)[C@@H](NC(=O)[C@@H](NC(=O)[C@H](CC(=O)O)NC(=O)[C@H](CCC(=O)O)NC(=O)[C@@H](NC(=O)[C@H](CC(=O)O)NC(C)=O)[C@@H](C)O)C(C)C)C(C)C)C(=O)Oc1ccc(Cl)cc1,C44H64ClN9O17,1026.49
CHEMBL387089,CCCN(NC(=O)[C@H]1CCCN1C(=O)[C@@H](NC(=O)[C@@H](NC(=O)[C@H](CC(=O)O)NC(=O)[C@H](CCC(=O)O)NC(=O)[C@@H](NC(=O)[C@H](CC(=O)O)NC(C)=O)[C@@H](C)O)C(C)C)C(C)C)C(=O)Oc1ccccc1[N+](=O)[O-],C44H64N10O19,1037.05
CHEMBL263608,CCCN(NC(=O)[C@H]1CCCN1C(=O)[C@@H](NC(=O)[C@@H](NC(=O)[C@H](CC(=O)O)NC(=O)[C@H](CCC(=O)O)NC(=O)[C@@H](NC(=O)[C@H](CC(=O)O)NC(C)=O)[C@@H](C)O)C(C)C)C(C)C)C(=O)Oc1ccc([N+](=O)[O-])cc1,C44H64N10O19,1037.05
CHEMBL267665,CCOC(=O)c1ncn2c1CN(C)C(=O)c1ccccc1-2,C15H15N3O3,285.30
CHEMBL6835,COCc1c2ccoc2c(OC)c2oc(=O)ccc12,C14H12O5,260.24
CHEMBL268856,CCC(c1ccc(O)cc1)C(CCI)c1ccc(O)cc1,C18H21IO2,396.27
CHEMBL412,CC12CCC3c4ccc(O)cc4CCC3C1CCC2O,C18H24O2,272.39
CHEMBL6916,CC(=O)N1CCN(c2cnc3cc(Cl)ccc3n2)CC1,C14H15ClN4O,290.75
CHEMBL6992,CN1CCN(c2cnc3cc(Cl)ccc3n2)CC1,C13H15ClN4,262.74
CHEMBL6606,CS(=O)(=O)c1ccc2nc(N3CCNCC3)cnc2c1,C13H16N4O2S,292.36
CHEMBL6634,CC1=C(C(=O)O)N2C(=O)[C@@H](NC(=O)C(N)c3ccccc3)[C@H]2SC1,C16H17N3O4S,347.40
CHEMBL6633,Nc1nccc(Nc2ccc(S(N)(=O)=O)cc2)n1,C10H11N5O2S,265.30
CHEMBL6635,CCO[C@H]1O[C@@H]2O[C@@]3(C)CCC4[C@H](C)CCC([C@H]1C)[C@]42OO3,C17H28O5,312.41
CHEMBL6577,COc1c2occc2c(CO)c2ccc(=O)oc12,C13H10O5,246.22
CHEMBL6589,COc1c2occc2c(CN2CCN(C)CC2)c2ccc(=O)oc12.Cl,C18H21ClN2O4,328.37
CHEMBL267936,CNC1(C)C2CCC(C2)C1(C)C,C11H21N,167.30
CHEMBL6491,CNC1C2CCC(C2)C1(C)C,C10H19N,153.27
CHEMBL269237,CCOc1ccc(NS(=O)(=O)c2cccc3c(N(C)C)cccc23)nn1,C18H20N4O3S,372.45
CHEMBL6624,COc1ccc(NS(=O)(=O)c2cccc3c(N(C)C)cccc23)nn1,C17H18N4O3S,358.42
CHEMBL266240,Nc1cc(Cl)c(S(N)(=O)=O)cc1S(N)(=O)=O,C6H8ClN3O4S2,285.73
CHEMBL6685,NS(=O)(=O)c1nc2ccc(O)cc2s1,C7H6N2O3S2,230.27
CHEMBL6698,Oc1ccc2nc(N3CCNCC3)cnc2c1,C12H14N4O,230.27
CHEMBL7030,CNC1CC2CCC1(C)C2(C)C,C11H21N,167.30
CHEMBL415294,,C20H16B2F8N4Pt+4,681.06
CHEMBL7041,CNC1CC2CCC1C2,C8H15N,125.22
CHEMBL384532,CCCN(NC(=O)[C@H]1CCCN1C(=O)[C@@H](NC(=O)[C@@H](NC(=O)[C@H](CC(=O)O)NC(=O)[C@H](CCC(=O)O)NC(=O)[C@@H](NC(=O)[C@H](CC(=O)O)NC(C)=O)[C@@H](C)O)C(C)C)C(C)C)C(=O)OC(C)(C)C(Cl)(Cl)Cl,C42H66Cl3N9O17,1075.39
CHEMBL14,C[N+](C)(C)CCOC(N)=O.[Cl-],C6H15ClN2O2,147.20
CHEMBL268808,COC(=O)C1=CCCNC1,C7H11NO2,141.17
CHEMBL6986,COC(=O)CC/C=C\CC[C@H]1C(=O)C[C@@H](O)[C@@H]1/C=C/CC(C)(O)CCCCO,C22H36O6,396.52
CHEMBL268353,,C18H14B2F8N4PtS+4,687.09
CHEMBL440267,C=CCNc1cccc(-c2ccc(N3CC(CNC(C)=O)OC3=O)cc2)cc1=O,C22H23N3O4,393.44
CHEMBL6873,CCCN(NC(=O)[C@H]1CCCN1C(=O)[C@@H](NC(=O)[C@@H](NC(=O)[C@H](CC(=O)O)NC(=O)[C@H](CCC(=O)O)NC(C)=O)C(C)C)C(C)C)C(=O)Oc1ccc([N+](=O)[O-])cc1,C36H52N8O14,820.85
CHEMBL6738,CCCN(NC(=O)[C@H]1CCCN1C(=O)[C@@H](NC(=O)[C@@H](NC(=O)[C@H](CC(=O)O)NC(=O)[C@H](CCC(=O)O)NC(=O)[C@@H](NC(C)=O)[C@@H](C)O)C(C)C)C(C)C)C(=O)Oc1ccc([N+](=O)[O-])cc1,C40H59N9O16,921.96
CHEMBL425625,CCCC(NC(=O)[C@H]1CCCN1C(=O)[C@@H](NC(=O)[C@@H](NC(=O)[C@H](CC(=O)O)NC(=O)[C@H](CCC(=O)O)NC(=O)[C@@H](NC(=O)[C@H](CC(=O)O)NC(C)=O)[C@@H](C)O)C(C)C)C(C)C)C(=O)Oc1ccc([N+](=O)[O-])cc1,C45H65N9O19,1036.06
CHEMBL268175,C=CCOc1noc2c1CNCC2.Cl,C9H13ClN2O2,180.21
CHEMBL6587,Cl.c1ccc(COc2noc3c2CNCC3)cc1,C13H15ClN2O2,230.27
CHEMBL6568,CCN1CCc2onc(OC)c2C1.Cl,C9H15ClN2O2,182.22
CHEMBL6569,O=[N+]([O-])c1ccc2nc(N3CCNCC3)cnc2c1,C12H13N5O2,259.27
CHEMBL6397,,C21H18B2F8N4OPt+4,711.09
CHEMBL6387,CCCNc1ncnc2c1ncn2Cc1ccccc1F,C15H16FN5,285.33
CHEMBL269366,CN1Cc2c(C(=O)OC(C)(C)C)ncn2-c2ccsc2C1=O,C15H17N3O3S,319.39
CHEMBL6407,CN(C)N=Nc1ccc2c(c1)C(=O)N(C)Cc1c(C(=O)OC(C)(C)C)ncn1-2,C19H24N6O3,384.44
CHEMBL6814,CN1Cc2c(C(=O)OC(C)(C)C)ncn2-c2ccc(N=C=S)cc2C1=O,C18H18N4O3S,370.43
CHEMBL268915,CC(=O)OCC1=C[C@H]2[C@@H]3C(C)(C)[C@]3(OC(=O)Cc3ccccc3)C[C@@H](C)[C@]2(O)C2C=C(C)C(=O)[C@@]2(O)C1,C30H36O7,508.61
CHEMBL386851,CCCN(NC(=O)[C@H]1CCCN1C(=O)[C@@H](NC(=O)[C@@H](NC(=O)[C@H](CC(=O)O)NC(=O)[C@H](CCC(=O)O)NC(=O)[C@@H](NC(=O)[C@H](CC(=O)O)NC(C)=O)[C@@H](C)O)C(C)C)C(C)C)C(=O)c1ccc(-c2ccccc2)cc1,C50H69N9O16,1052.15
CHEMBL383935,CCCN(NC(=O)[C@H]1CCCN1C(=O)[C@@H](NC(=O)[C@@H](NC(=O)[C@H](CC(=O)O)NC(=O)[C@H](CCC(=O)O)NC(=O)[C@@H](NC(=O)[C@H](CC(=O)O)NC(C)=O)[C@@H](C)O)C(C)C)C(C)C)C(=O)c1ccc(/N=N\c2ccc([N+](=O)[O-])cc2)cc1,C50H68N12O18,1125.16
CHEMBL426151,CCCN(NC(=O)[C@H]1CCCN1C(=O)[C@@H](NC(=O)[C@@H](NC(=O)[C@H](CC(=O)O)NC(=O)[C@H](CCC(=O)O)NC(=O)[C@@H](NC(=O)[C@H](CC(=O)O)NC(C)=O)[C@@H](C)O)C(C)C)C(C)C)C(=O)c1ccc(S(=O)(=O)F)cc1,C44H64FN9O18S,1058.11
CHEMBL6963,,C15H13B2F8N4Pt+3,617.98
CHEMBL268413,COc1cccc2c1C(=O)c1c(O)c3c(c(O)c1C2=O)C[C@@](O)(C(=O)CO)C[C@@H]3O[C@H]1C[C@H](NC(=O)OCC2=C(C(=O)OC(C)(C)C)N3C(=O)[C@@H](Cl)[C@@H]3S(=O)(=O)C2)[C@@H](O)[C@H](C)O1,C40H43ClN2O18S,907.30
CHEMBL216753,CCCN(NC(=O)[C@H]1CCCN1C(=O)[C@@H](NC(=O)[C@@H](NC(=O)[C@H](CC(=O)O)NC(=O)[C@H](CCC(=O)O)NC(=O)[C@@H](NC(=O)[C@H](CC(=O)O)NC(C)=O)[C@@H](C)O)C(C)C)C(C)C)C(=O)Sc1ccccc1,C44H65N9O16S,1008.12
CHEMBL384151,CCCN(NC(=O)[C@H]1CCCN1C(=O)[C@@H](NC(=O)[C@@H](NC(=O)[C@H](CC(=O)O)NC(=O)[C@H](CCC(=O)O)NC(=O)[C@@H](NC(=O)[C@H](CC(=O)O)NC(C)=O)[C@@H](C)O)C(C)C)C(C)C)C(=O)Sc1ccc(Cl)cc1,C44H64ClN9O16S,1042.56
CHEMBL269774,CCNc1ncnc2c1ncn2Cc1ccccc1F,C14H14FN5,271.30
CHEMBL16,O=C1NC(=O)C(c2ccccc2)(c2ccccc2)N1,C15H12N2O2,252.27
CHEMBL269775,CC(CN1CCCCC1)OC(=O)[C@@H]1CCCN1C(=O)C(=O)C(C)(C)C,C19H32N2O4,352.48
CHEMBL413,CO[C@H]1C[C@@H]2CC[C@@H](C)[C@@](O)(O2)C(=O)C(=O)N2CCCC[C@H]2C(=O)O[C@H]([C@H](C)C[C@@H]2CC[C@@H](O)[C@H](OC)C2)CC(=O)[C@H](C)/C=C(\C)[C@@H](O)[C@@H](OC)C(=O)[C@H](C)C[C@H](C)/C=C/C=C/C=C/1C,C51H79NO13,914.19
CHEMBL269732,C=CC[C@@H]1/C=C(\C)C[C@H](C)C[C@H](OC)[C@H]2O[C@@](O)(C(=O)C(=O)N3CCCC[C@H]3C(=O)O[C@H](/C(C)=C/[C@@H]3CC[C@@H](O)[C@H](OC)C3)[C@H](C)[C@@H](O)CC1=O)[C@H](C)C[C@@H]2OC,C44H69NO12,804.03
CHEMBL6367,CCC(C)(C)C(=O)C(=O)N1CCC[C@H]1C(=O)OCCCc1cccnc1,C20H28N2O4,360.45
CHEMBL6373,Br.Oc1noc2c1CNCC2,C6H9BrN2O2,140.14
CHEMBL6374,CN1CC[N+](C)(CCCOc2c3occc3cc3ccc(=O)oc23)CC1.[Br-],C20H25BrN2O4,357.43
CHEMBL268832,C[N+](C)(C)CCCOc1c2occc2cc2ccc(=O)oc12.[Br-],C17H20BrNO4,302.35
CHEMBL6837,Brc1ccc2nc(N3CCNCC3)cnc2c1,C12H13BrN4,293.17
CHEMBL7146,Nc1ccc(S(=O)(=O)NCCc2ccc(S(N)(=O)=O)cc2)cc1,C14H17N3O4S2,355.44
CHEMBL266026,Nc1ccc(S(=O)(=O)NCc2ccc(S(N)(=O)=O)cc2)cc1,C13H15N3O4S2,341.41
CHEMBL269122,Nc1ccc(S(=O)(=O)Nc2ccc(S(N)(=O)=O)cc2)cc1,C12H13N3O4S2,327.39
CHEMBL268439,Nc1ccc(S(=O)(=O)Nc2nnc(S(N)(=O)=O)s2)cc1,C8H9N5O4S3,335.39
CHEMBL7290,CN1Cc2c(C(=O)OC(C)(C)C)ncn2-c2ccc([N+](=O)[O-])cc2C1=O,C17H18N4O5,358.35
CHEMBL6668,CN(C)c1cccc2c(S(=O)(=O)Nc3ccc(C#N)nn3)cccc12,C17H15N5O2S,353.41
CHEMBL402580,O=C1Nc2ccccc2C12OCCS2,C10H9NO2S,207.25
CHEMBL6798,O=C1Nc2ccccc2C12SCCS2,C10H9NOS2,223.32
CHEMBL267835,CNC(=O)c1cc(Cl)nnc1Cl,C6H5Cl2N3O,206.03
CHEMBL6670,Clc1ccc2nc(N3CCNCC3)cnc2c1,C12H13ClN4,248.72
CHEMBL269706,CCOc1noc2c1CN(C)CC2.Cl,C9H15ClN2O2,182.22
CHEMBL414,NS(=O)(=O)c1ccc(C(=O)O)cc1,C7H7NO4S,201.20
CHEMBL6784,NS(=O)(=O)c1ccc(CCO)cc1,C8H11NO3S,201.25
CHEMBL6659,CN1Cc2c(C(=O)OC(C)(C)C)ncn2-c2ccc(I)cc2C1=O,C17H18IN3O3,439.25
CHEMBL269705,CCOC(=O)c1ncn2c1C1CCCN1C(=O)c1cc(Cl)ccc1-2,C17H16ClN3O3,345.79
CHEMBL6839,C/N=c1\ccc(-c2ccc(N3CC(CNC(C)=O)OC3=O)cc2)ccc1O,C20H21N3O4,367.41
CHEMBL6849,NS(=O)(=O)c1cc(C(=O)NN2Cc3ccccc3C2C(=O)O)ccc1Cl,C16H14ClN3O5S,395.82
CHEMBL266169,CN(N=O)c1ccccc1,C7H8N2O,136.15
CHEMBL6919,NS(=O)(=O)c1ccc(CO)cc1,C7H9NO3S,187.22
CHEMBL6806,,C17H14B2F8N4Pt+4,643.01
CHEMBL6604,,C17H17N4O4PtS+5,568.49
CHEMBL216321,,C62H58B4F16N12O2Pt2+8,1740.60
CHEMBL383885,,C60H54B4F16N12O2Pt2+8,1712.55
CHEMBL6477,,C21H19B2F8N5Pt+4,710.10
CHEMBL267192,CNc1ncnc2c1ncn2Cc1ccc(N)cc1,C13H14N6,254.30
CHEMBL269058,N=C1CCCCN1,C5H10N2,98.15
CHEMBL6429,N#Cc1ccc(-c2cc(C(N)=O)c(Cl)nn2)cc1Cl,C12H6Cl2N4O,293.11
CHEMBL6439,NC(=O)c1cc(-c2ccc([N+](=O)[O-])cc2)nnc1Cl,C11H7ClN4O3,278.65
CHEMBL269733,CN(N=O)c1cc(O)ccc1O,C7H8N2O3,168.15
CHEMBL6564,COc1c2occc2c(COCCCO)c2ccc(=O)oc12,C16H16O6,304.30
CHEMBL6565,CNc1ncnc2c1ncn2Cc1ccccc1,C13H13N5,239.28
CHEMBL266037,CNc1ncnc2c1ncn2Cc1cccc(OCc2ccccc2)c1,C20H19N5O,345.41
CHEMBL6713,COc1ccc2nc(N3CCNCC3)cnc2c1,C13H16N4O,244.30
CHEMBL6704,CNc1ncnc2c1ncn2Cc1cccc(F)c1,C13H12FN5,257.27
CHEMBL6705,Nc1ccccc1S(N)(=O)=O,C6H8N2O2S,172.21
CHEMBL6753,Cn1nc(S(N)(=O)=O)sc1=N,C3H6N4O2S2,194.24
CHEMBL265674,Nc1nnc(S(N)(=O)=O)s1,C2H4N4O2S2,180.21
CHEMBL6852,Nc1cccc(S(N)(=O)=O)c1,C6H8N2O2S,172.21
CHEMBL6656,NC1=Nc2ccccc2CC1,C9H10N2,146.19
CHEMBL6657,CCCC1CCN=C(N)C1,C8H16N2,140.23
CHEMBL265672,CC1CCCC(N)=N1,C6H12N2,112.18
CHEMBL268177,Nc1ccc(S(N)(=O)=O)cc1I,C6H7IN2O2S,298.11
CHEMBL268787,CCN(CC)c1ncnc2c1ncn2Cc1ccccc1F,C16H18FN5,299.35
CHEMBL6726,Nc1nc(N)c2c([S+]([O-])c3ccc4ccccc4c3)cccc2n1,C18H14N4OS,334.40
CHEMBL6723,CNc1ncnc2c1ncn2Cc1ccc(F)cc1F,C13H11F2N5,275.26
CHEMBL269154,O=C(C(=O)N1CCC[C@H]1C(=O)OCCCc1cccnc1)c1ccccc1,C21H22N2O4,366.42
CHEMBL6809,O=C(C(=O)N1CCC[C@H]1C(=O)OCCS(=O)(=O)c1ccccc1)c1ccccc1,C21H21NO6S,415.47
CHEMBL6644,COc1cccc2c1C[C@@H](CO)NC(=O)[C@H](C(C)C)N2C,C16H24N2O3,292.38
CHEMBL267667,COc1cccc(CC(=O)O)c1-c1ccc(Cl)cc1,C15H13ClO3,276.72
CHEMBL6697,,C15H12B2ClF8N4Pt+3,652.43
CHEMBL267359,,C23H23B2F8N5OPt+4,754.16
CHEMBL6642,Nc1nc(N)c2c([S+]([O-])c3ccc(Cl)c(Cl)c3)cccc2n1,C14H10Cl2N4OS,353.23
CHEMBL269059,Nc1nc(O)c2cc([S+]([O-])c3ccc4ccccc4c3)ccc2n1,C18H13N3O2S,335.39
CHEMBL6599,C/C(=C\Cn1oc(=O)[nH]c1=O)c1ccc(OCc2nc(-c3ccc(C(F)(F)F)cc3)oc2C)cc1,C24H20F3N3O5,487.43
CHEMBL265622,C/C(=C\Cn1sc(=O)[nH]c1=O)c1cccc(OCc2nc(-c3ccc(C(F)(F)F)cc3)oc2C)c1,C24H20F3N3O4S,503.50
CHEMBL414011,COc1ccc2ncc(N3CCNCC3)nc2c1,C13H16N4O,244.30
CHEMBL266170,O=[N+]([O-])c1ccc2ncc(N3CCNCC3)nc2c1,C12H13N5O2,259.27
CHEMBL415,CN(C)CCCN1c2ccccc2CCc2ccc(Cl)cc21,C19H23ClN2,314.86
CHEMBL266168,,C23H21B2F8N5Pt+4,736.14
CHEMBL6901,Clc1cc2ncc(N3CCNCC3)nc2cc1Cl,C12H12Cl2N4,283.16
CHEMBL6991,Nc1nc(O)c2cc(Sc3ccc4ccccc4c3)ccc2n1,C18H13N3OS,319.39
CHEMBL269046,CNc1ncnc2c1ncn2Cc1c(F)cccc1Cl,C13H11ClFN5,291.72
CHEMBL7132,C[C@@H](N)Cc1c2ccoc2c(C(F)(F)F)c2ccoc12.Cl,C14H13ClF3NO2,283.25
CHEMBL263083,C[C@H](N)Cc1c2ccoc2c(Br)c2ccoc12.Cl,C13H13BrClNO2,294.15
CHEMBL6706,C[C@@H](N)Cc1c2ccoc2c(Br)c2ccoc12.Cl,C13H13BrClNO2,294.15
CHEMBL266432,Nc1nc2ccccc2nc1N1CCNCC1,C12H15N5,229.29
CHEMBL269076,CC1CC(N)=NC(C)C1,C7H14N2,126.20
CHEMBL7010,CCNC1C2CCC(C2)C1c1ccccc1,C15H21N,215.34
CHEMBL268543,CN(C)C1CC2CCC1(C)C2(C)C,C12H23N,181.32
CHEMBL7078,CCCCCCCCC#Cc1ccc2c(c1OC)C[C@@H](CO)NC(=O)[C@H](C(C)C)N2C,C26H40N2O3,428.62
CHEMBL267144,CC(C)[C@H]1C(=O)N[C@H](CO)Cc2ccccc2N1C,C15H22N2O2,262.35
CHEMBL7057,CCN(C)c1ncnc2c1ncn2Cc1ccccc1F,C15H16FN5,285.33
CHEMBL266930,Fc1ccccc1Cn1cnc2c(NC3CCCC3)ncnc21,C17H18FN5,311.36
CHEMBL6787,CNc1ncnc2c1ncn2Cc1cc(F)ccc1F,C13H11F2N5,275.26
CHEMBL6817,CN(C)c1ncnc2c1ncn2Cc1c(F)cccc1F,C14H13F2N5,289.29
CHEMBL267163,CNc1ncnc2c1ncn2Cc1c(F)cccc1F,C13H11F2N5,275.26
CHEMBL6783,,C21H16B2BrF8N4Pt+3,772.98
CHEMBL386440,CSCC[C@H](NC(=O)[C@H](CO)NC(=O)NNC(=O)[C@H]1CCCN1C(=O)[C@@H](NC(=O)[C@@H](NC(=O)[C@H](CC(=O)O)NC(=O)[C@H](CCC(=O)O)NC(=O)[C@@H](NC(=O)[C@H](CC(=O)O)NC(C)=O)[C@@H](C)O)C(C)C)C(C)C)C(=O)N[C@@H](CO)C(=O)N[C@@H](Cc1ccc(O)cc1)C(=O)N[C@H](C(=O)N[C@@H](Cc1c[nH]c2ccccc12)C(=O)N[C@H](C(=O)NCC(=O)N[C@@H](CCCCN)C(=O)O)[C@@H](C)O)[C@@H](C)O,C82H122N20O31S,1916.05
CHEMBL262228,CCCN(NC(=O)[C@H]1CCCN1C(=O)[C@@H](NC(=O)[C@@H](NC(=O)[C@H](CC(=O)O)NC(=O)[C@H](CCC(=O)O)NC(=O)[C@@H](NC(=O)[C@H](CC(=O)O)NC(C)=O)[C@@H](C)O)C(C)C)C(C)C)C(=O)N[C@@H](CO)C(=O)N[C@@H](CCSC)C(=O)N[C@@H](CO)C(=O)O,C49H80N12O22S,1221.31
CHEMBL7303,COC(=O)C1=CCCN(C)C1,C8H13NO2,155.20
CHEMBL269018,CC(=O)c1ccc(N2C(N)=NC(N)=NC2(C)C)cc1,C13H17N5O,259.31
CHEMBL268356,CCOC(=O)c1cccc(N2C(N)=NC(N)=NC2(C)C)c1,C14H19N5O2,289.34
CHEMBL7236,Oc1nc2ccccc2nc1N1CCNCC1,C12H14N4O,230.27
CHEMBL268584,Nc1nc(N)c2cc(S(=O)(=O)c3ccc4ccccc4c3)ccc2n1,C18H14N4O2S,350.40
CHEMBL266660,CC(C)CC(=O)C(=O)N1CCC[C@H]1C(=O)OCCS(=O)(=O)c1ccccc1,C19H25NO6S,395.48
CHEMBL6449,CC(C)(C)C(=O)C(=O)N1CCC[C@H]1C(=O)OCCCc1cccnc1,C19H26N2O4,346.43
CHEMBL269305,CCC1CC(C)c2cc3c(C(F)(F)F)cc(=O)oc3cc2N1,C16H16F3NO2,311.30
CHEMBL415289,CC1CCNc2cc3oc(=O)cc(C(F)(F)F)c3cc21,C14H12F3NO2,283.25
CHEMBL7298,CN1Cc2c(C(=O)OC(C)(C)C)ncn2-c2ccccc2C1=O,C17H19N3O3,313.36
CHEMBL427826,CC1(C)N=C(N)N=C(N)N1c1ccc(C(F)(F)F)cc1,C12H14F3N5,285.27
CHEMBL414010,Cc1oc(-c2ccc(Cl)cc2)nc1COc1cccc(/C=C/C(C)n2oc(=O)[nH]c2=O)c1,C23H20ClN3O5,453.88
CHEMBL440085,COc1noc2c1CN(C)CC2.Cl,C8H13ClN2O2,168.20
CHEMBL7018,CC#CCOc1noc2c1CNCC2.Cl,C10H13ClN2O2,192.22
CHEMBL7029,C/C(=C\Cn1oc(=O)[nH]c1=O)c1cccc(OCc2nc(-c3ccc(C(F)(F)F)cc3)oc2C)c1,C24H20F3N3O5,487.43
CHEMBL7070,Cc1cccc(N2C(N)=NC(N)=NC2(C)C)c1,C12H17N5,231.30
CHEMBL415293,CN1Cc2c(C(=O)OC(C)(C)C)ncn2-c2ccc(Cl)cc2C1=O,C17H18ClN3O3,347.80
CHEMBL266088,FC(F)(F)c1ccc2nc(N3CCNCC3)cnc2c1,C13H13F3N4,282.27
CHEMBL6684,Nc1ccc2nc(N3CCNCC3)cnc2c1,C12H15N5,229.29
CHEMBL7004,Cc1ccc(N2C(N)=NC(N)=NC2(C)C)cc1,C12H17N5,231.30
CHEMBL6710,C[C@@H](N)Cc1c2c(c(Br)c3c1OCC3)OCC2.Cl,C13H17BrClNO2,298.18
CHEMBL6807,C=C(Br)COc1noc2c1CNCC2.Cl,C9H12BrClN2O2,259.10
CHEMBL6767,C#CCOc1noc2c1CNCC2.Cl,C9H11ClN2O2,178.19
CHEMBL6838,C[C@H](N)Cc1c2ccoc2cc2ccoc12.Cl,C13H14ClNO2,215.25
CHEMBL6375,C/C=C/COc1noc2c1CNCC2.Cl,C10H15ClN2O2,194.23
CHEMBL6377,CC(C)COc1noc2c1CNCC2.Cl,C10H17ClN2O2,196.25
CHEMBL428334,COc1c2occc2c(CN2CCOCC2)c2ccc(=O)oc12.Cl,C17H18ClNO5,315.33
CHEMBL6451,COc1noc2c1CNCC2.Cl,C7H11ClN2O2,154.17
CHEMBL6452,C[C@@H](N)Cc1c2c(c(C(F)(F)F)c3c1OCC3)OCC2.Cl,C14H17ClF3NO2,287.28
CHEMBL6453,CCCCCCCCC#Cc1ccc2c(c1)C[C@@H](CO)NC(=O)[C@H](C(C)C)N2C,C25H38N2O2,398.59
CHEMBL6801,O=C(O)C1CN(c2cnc3ccccc3n2)CCN1,C13H14N4O2,258.28
CHEMBL6780,c1ccc2nc(N3CCNCC3)cnc2c1,C12H14N4,214.27
CHEMBL263084,CN1CCN(c2nc3ccc(S(N)(=O)=O)cc3nc2Cl)CC1,C13H16ClN5O2S,341.82
CHEMBL6721,CCC1CC(CC)c2cc3c(C(F)(F)F)cc(=O)oc3cc2N1,C17H18F3NO2,325.33
CHEMBL416,COc1c2occc2cc2ccc(=O)oc12,C12H8O4,216.19
CHEMBL415475,COc1cccc(-c2ccc(Cl)cc2)c1CC(=O)O,C15H13ClO3,276.72
CHEMBL266319,COc1cccc(N2C(N)=NC(N)=NC2(C)C)c1,C12H17N5O,247.30
CHEMBL6695,O=C1CN(c2cnc3ccccc3n2)CCN1,C12H12N4O,228.25
CHEMBL6756,Fc1cccc2ncc(N3CCNCC3)nc12,C12H13FN4,232.26
CHEMBL6712,CC(C)NCC(O)COc1ccc(CCOCC2CCCC2)cc1,C20H33NO3,335.49
CHEMBL7237,CC(C)CC(=O)C(=O)N1CCC[C@H]1C(=O)OCCCc1cccnc1,C19H26N2O4,346.43
CHEMBL7238,CN(C=O)c1ncnc2c1ncn2Cc1ccccc1F,C14H12FN5O,285.28
CHEMBL412607,CCCN(NC(=O)[C@H]1CCCN1C(=O)[C@@H](NC(=O)[C@@H](NC(=O)[C@H](CC(=O)O)NC(=O)[C@H](CCC(=O)O)NC(=O)[C@@H](NC(=O)[C@H](CC(=O)O)NC(C)=O)[C@@H](C)O)C(C)C)C(C)C)C(=O)c1ccc(C(F)(F)F)cc1,C45H64F3N9O16,1044.05
CHEMBL266943,COC(=O)c1ncn2c1CN(C)C(=O)c1cc(Cl)ccc1-2,C14H12ClN3O3,305.72
CHEMBL7009,COC(=O)c1ncn2c1CN(C)C(=O)c1ccccc1-2,C14H13N3O3,271.28
CHEMBL428674,COc1c2occc2c(CN(CCO)CCO)c2ccc(=O)oc12.Cl,C17H20ClNO6,333.34
CHEMBL269704,CC1(C)N=C(N)N=C(N)N1c1cccc(OCc2ccc(Cl)c(Cl)c2)c1,C18H19Cl2N5O,392.29
CHEMBL6661,CC(C)(C)c1ccc(N2C(N)=NC(N)=NC2(C)C)cc1,C15H23N5,273.38
CHEMBL6749,CC(CCc1ccc(F)cc1)NCC(O)COc1ccc(CCOCC2CCC2)cc1,C26H36FNO3,429.58
CHEMBL268809,NS(=O)(=O)c1cccc2cccnc12,C9H8N2O2S,208.24
CHEMBL6750,CCNC1CN(CCCOC)S(=O)(=O)c2sc(S(N)(=O)=O)cc21,C12H21N3O5S3,383.52
CHEMBL266732,Fc1ccccc1Cn1cnc2c(NC3CCC3)ncnc21,C16H16FN5,297.34
CHEMBL6671,CC1(C)N=C(N)N=C(N)N1c1cccc(OCCCCOc2cccc(C(F)(F)F)c2)c1,C22H26F3N5O2,449.48
CHEMBL6725,Cc1oc2c(C)c3oc(=O)cc(C)c3cc2c1CNCCO,C17H19NO4,301.34
CHEMBL6859,CCCOc1noc2c1CNCC2.Cl,C9H15ClN2O2,182.22
CHEMBL6702,CC(C)Oc1noc2c1CNCC2.Cl,C9H15ClN2O2,182.22
CHEMBL17,NS(=O)(=O)c1cc(Cl)c(Cl)c(S(N)(=O)=O)c1,C6H6Cl2N2O4S2,305.16
CHEMBL266573,COc1ccc(N2C(N)=NC(N)=NC2(C)C)cc1,C12H17N5O,247.30
CHEMBL263078,C[C@H](N)Cc1c2c(c(Br)c3c1OCC3)OCC2.Cl,C13H17BrClNO2,298.18
CHEMBL6620,COc1cc(C(F)(F)F)c(OC)cc1CC(C)N,C12H16F3NO2,263.26
CHEMBL269001,CCNC1CC(C)S(=O)(=O)c2sc(S(N)(=O)=O)cc21,C10H16N2O4S3,324.45
CHEMBL6607,COc1cc(CC(C)N)c(OC)cc1Br,C11H16BrNO2,274.16
CHEMBL267037,COc1ccc(CC(=O)O)cc1-c1ccc(Cl)cc1,C15H13ClO3,276.72
CHEMBL267038,NC1=NC(C(F)(F)F)CCC1,C6H9F3N2,166.15
CHEMBL268914,CC1(C)N=C(N)N=C(N)N1c1cccc(C#N)c1,C12H14N6,242.29
CHEMBL6860,CCCCOc1noc2c1CNCC2.Cl,C10H17ClN2O2,196.25
CHEMBL6680,CCOc1noc2c1CNCC2.Cl,C8H13ClN2O2,168.20
CHEMBL18,CCOc1ccc2nc(S(N)(=O)=O)sc2c1,C9H10N2O3S2,258.32
CHEMBL268985,CCCN(NC(=O)[C@H]1CCCN1C(=O)[C@@H](NC(=O)[C@@H](NC(=O)[C@H](CC(=O)O)NC(=O)[C@H](CCC(=O)O)NC(=O)[C@@H](NC(=O)[C@H](CC(=O)O)NC(C)=O)[C@@H](C)O)C(C)C)C(C)C)C(=O)OCc1ccccc1,C45H67N9O17,1006.08
CHEMBL265570,CCCN(NC(=O)[C@H]1CCCN1C(=O)[C@@H](NC(=O)[C@@H](NC(=O)[C@H](CC(=O)O)NC(=O)[C@H](CCC(=O)O)NC(=O)[C@@H](NC(=O)[C@H](CC(=O)O)NC(C)=O)[C@@H](C)O)C(C)C)C(C)C)C(=O)OCc1ccc([N+](=O)[O-])cc1,C45H66N10O19,1051.07
CHEMBL6655,CN1Cc2c(C(=O)OC(C)(C)C)ncn2-c2ccc(Br)cc2C1=O,C17H18BrN3O3,392.25
CHEMBL6826,CN1Cc2c(C(=O)OCCC(C)(C)C)ncn2-c2ccc(Cl)cc2C1=O,C19H22ClN3O3,375.86
CHEMBL6827,CNc1ncnc2c1ncn2Cc1cccc(O)c1,C13H13N5O,255.28
CHEMBL427797,COc1ccc(CC(=O)O)c(-c2ccc(Cl)cc2)c1,C15H13ClO3,276.72
CHEMBL6988,COc1cc(-c2ccc(Cl)cc2)ccc1CC(=O)O,C15H13ClO3,276.72
CHEMBL6851,C=C1[C@@H](OC(=O)/C=C/c2ccccc2)CC[C@@]2(C)[C@@H](O)[C@H](O)C3=C(C)C(=O)C[C@@H]([C@@H](OC(C)=O)[C@H]12)C3(C)C,C31H38O7,522.64
CHEMBL6672,COc1ccc(-c2ccc(Cl)cc2)cc1CC(=O)O,C15H13ClO3,276.72
CHEMBL267498,COc1c2occc2c(CN(C)C)c2ccc(=O)oc12.Cl,C15H16ClNO4,273.29
CHEMBL6724,Nc1ccc(S(N)(=O)=O)cc1Br,C6H7BrN2O2S,251.10
CHEMBL6853,Nc1ccc(S(N)(=O)=O)cc1F,C6H7FN2O2S,190.20
CHEMBL266242,[O-][n+]1cc(N2CCNCC2)nc2ccccc21,C12H14N4O,230.27
CHEMBL6961,,C22H22B2F8N6Pt+4,739.15
CHEMBL266301,CC(CN1CCCCC1)OC(=O)C1CCCCN1C(=O)C(=O)C(C)(C)C,C20H34N2O4,366.50
CHEMBL417,COc1cccc2c1C(=O)c1c(O)c3c(c(O)c1C2=O)C[C@@](O)(C(=O)CO)C[C@@H]3O[C@H]1C[C@H](N)[C@@H](O)[C@H](C)O1,C27H29NO11,543.53
CHEMBL216758,COc1cccc2c1C(=O)c1c(O)c3c(c(O)c1C2=O)C[C@@](O)(C(=O)CO)C[C@@H]3OC1C[C@H](NC(=O)OCC2=C(C(=O)OC(C)(C)C)N3C(=O)/C(=C/OC(=O)C(C)(C)C)[C@@H]3S(=O)(=O)C2)[C@@H](O)[C@H](C)O1,C46H52N2O20S,984.98
CHEMBL6864,COc1c(CC(=O)O)cccc1-c1ccc(Cl)cc1,C15H13ClO3,276.72
CHEMBL6693,Nc1nc(N)c2c(S(=O)(=O)c3ccc4ccccc4c3)cccc2n1,C18H14N4O2S,350.40
CHEMBL266318,COc1c2occc2c(C[N+](C)(C)C)c2ccc(=O)oc12.[Cl-],C16H18ClNO4,288.32
CHEMBL267220,CC(CCc1ccccc1)NCC(O)COc1ccc(CCOCC2CCC2)cc1,C26H37NO3,411.59
CHEMBL266302,Fc1ccccc1Cn1cnc2c(NCC3CC3)ncnc21,C16H16FN5,297.34
CHEMBL6683,CC(CN1CCCCC1)OC(=O)[C@@H]1CCCN1C(=O)C(=O)c1ccccc1,C21H28N2O4,372.47
CHEMBL19,CC(=O)/N=c1/sc(S(N)(=O)=O)nn1C,C5H8N4O3S2,236.28
CHEMBL20,CC(=O)Nc1nnc(S(N)(=O)=O)s1,C4H6N4O3S2,222.25
CHEMBL6643,CC1(C)CCN=C(N)C1,C7H14N2,126.20
CHEMBL6933,Nc1ncnc2ccc(Sc3ccc4ccccc4c3)cc12,C18H13N3S,303.39
CHEMBL266025,CC1(C)N=C(N)N=C(N)N1c1cccc(OCCOc2ccccc2)c1,C19H23N5O2,353.43
CHEMBL6637,C/C(=C\Cn1oc(=O)[nH]c1=O)c1ccc(OCCc2nc(-c3ccc(C(F)(F)F)cc3)oc2C)cc1,C25H22F3N3O5,501.46
CHEMBL418,Nc1cc(C(F)(F)F)c(S(N)(=O)=O)cc1S(N)(=O)=O,C7H8F3N3O4S2,319.29
CHEMBL267639,CC(C)(C)Nc1ncnc2c1ncn2Cc1ccccc1F,C16H18FN5,299.35
CHEMBL7059,CC(C)Nc1ncnc2c1ncn2Cc1ccccc1F,C15H16FN5,285.33
CHEMBL7005,CC1(C)N=C(N)N=C(N)N1c1ccc(F)cc1,C11H14FN5,235.27
CHEMBL6760,CCCC1CCCC(N)=N1,C8H16N2,140.23
CHEMBL268294,CNC1=NCCCC1,C6H12N2,112.18
CHEMBL6793,CN1Cc2c(C(=O)OCC(C)(C)C)ncn2-c2ccc(Cl)cc2C1=O,C18H20ClN3O3,361.83
CHEMBL7069,CCC(CC)OC(=O)c1ncn2c1CN(C)C(=O)c1cc(Cl)ccc1-2,C18H20ClN3O3,361.83
CHEMBL6962,CCCCc1ccc(N2C(N)=NC(N)=NC2(C)C)cc1,C15H23N5,273.38
CHEMBL268652,CNc1ncnc2c1ncn2Cc1ccccc1C(F)(F)F,C14H12F3N5,307.28
CHEMBL6889,CN(C)c1ncnc2c1ncn2Cc1ccccc1,C14H15N5,253.31
CHEMBL415476,CC(=O)O[C@H]1C(=O)[C@@]2(C)C([C@H](OCc3ccccc3)[C@]3(O)CC(OC(=O)[C@H](O)[C@@H](NC(=O)c4ccccc4)c4ccccc4)C(C)=C1C3(C)C)[C@]1(OC(C)=O)CO[C@@H]1C[C@@H]2OCOCCO,C50H59NO15,914.01
